Username,ProfileLink,DisplayName,Races,Points,Title,Team
ashwat255,https://www.nitromath.com/racer/ashwat255,Tarif Retired NT,1713,80954,Operation: Typing,TR1
promystie,https://www.nitromath.com/racer/promystie,61nowPW,1568,73978,Top Tier,TR1
t4l4n06,https://www.nitromath.com/racer/t4l4n06,TM4C Num 2 Szn Games,2338,38571,Loaded Lorry Legend,MATHNL
ibotalotofraces1,https://www.nitromath.com/racer/ibotalotofraces1,Mr_Benz,5761,30049,Insert Title Here,IM2
ultra_legend_1234,https://www.nitromath.com/racer/ultra_legend_1234,Cursed Embers,828,29245,League Champion,WL
yellowtyper0to100m,https://www.nitromath.com/racer/yellowtyper0to100m,Internet 35k,1105,21795,Top Tier,IM2
cosmicallyr2,https://www.nitromath.com/racer/cosmicallyr2,Genesis Le Cos IV,518,19373,Yo,IM2
d2zzzzzz,https://www.nitromath.com/racer/d2zzzzzz,Imfaster,403,13367,Not a Bot,X3
callsignbookworm,https://www.nitromath.com/racer/callsignbookworm,C-Bkwrm--JOIN VS,350,10835,Operation: Typing,X3
9b97df21bf9a4b8ba3c229233ca88ce6,https://www.nitromath.com/racer/9b97df21bf9a4b8ba3c229233ca88ce6,Wild Jagd,326,10676,Ninja,ML
cherry149,https://www.nitromath.com/racer/cherry149,Typing_Cat_NM,361,9608,Tilted Typist,PIGGY
dodge_hornet_2024,https://www.nitromath.com/racer/dodge_hornet_2024,agentdodge,238,8964,Spring Streaker,OT
charis_thomas,https://www.nitromath.com/racer/charis_thomas,CRXSHOUT_V3N0M,260,8335,Shattered,WL
huracan2012,https://www.nitromath.com/racer/huracan2012,Huracan,233,7440,Extracurricular!,MATHNL
pwneedsqueen,https://www.nitromath.com/racer/pwneedsqueen,AllTheStarsRShining,1695,7017,Endless Summer,WL
349fd47673c8b4e86cb30cc105fba01f,https://www.nitromath.com/racer/349fd47673c8b4e86cb30cc105fba01f,-PrimeNitro-Alexyboi,266,6733,Yo,IM2
prorick173,https://www.nitromath.com/racer/prorick173,hihihi,280,6644,Operation: Typing,FASZ
250fish,https://www.nitromath.com/racer/250fish,250fish,231,6426,Unda da Sea,MATHNL
oxx_err0r,https://www.nitromath.com/racer/oxx_err0r,oxxerr0r,171,5851,League Champion,DM8TE
d7ebd81a102778a7bb3ea7321f8ac6ff,https://www.nitromath.com/racer/d7ebd81a102778a7bb3ea7321f8ac6ff,SoldToTyping YT,570,4738,WPM Wonderkid,NITR0
haruto0804,https://www.nitromath.com/racer/haruto0804,vSolar,215,4436,League Champion,MATHNL
d1srupti0n2,https://www.nitromath.com/racer/d1srupti0n2,disrupt,108,4369,Huge Baller,ETH
david123bad,https://www.nitromath.com/racer/david123bad,davidb,1201,4277,Encore,IM2
xxthirteenxx,https://www.nitromath.com/racer/xxthirteenxx,l8rval,657,4256,2icy4u,WL
ju7gt,https://www.nitromath.com/racer/ju7gt,JuJu YT,232,4219,Rocky,TR1
lookuptosee,https://www.nitromath.com/racer/lookuptosee,How Great is God,230,4126,Dragon Tamer,CC
ntyperoftheyear,https://www.nitromath.com/racer/ntyperoftheyear,Arentyx YOUTUBE,148,3821,Battle Beast,IM2
kamryn234t54345,https://www.nitromath.com/racer/kamryn234t54345,༺Survivor༻,105,3626,Pit Crew,FASZ
awrussell,https://www.nitromath.com/racer/awrussell,EAGLES_RULE,130,3516,"Peace, Love, Nitros",4MATH
aaf5c0fd1e5a8432156c1a679a042074,https://www.nitromath.com/racer/aaf5c0fd1e5a8432156c1a679a042074,panchitojamesishere,153,3440,Big Spender,CRAZZZ
adudemanbro,https://www.nitromath.com/racer/adudemanbro,Oreo :D,147,3429,Sp3llchekcer,OT
shadow_reaper123,https://www.nitromath.com/racer/shadow_reaper123,Gold Comp soon,260,3378,I Love Dogs,IM2
gocartman9,https://www.nitromath.com/racer/gocartman9,ily2justbuzzinaround,121,3293,Grab the Popcorn!,X3
doggoiqnt,https://www.nitromath.com/racer/doggoiqnt,DoggoIQ,86,3240,Operation: Typing,PNKYPI
nfo_null,https://www.nitromath.com/racer/nfo_null,                                                 ,110,3215,Bug Smasher,NFO
43ef88f146eec99bc2c1bd9e4e63d4be,https://www.nitromath.com/racer/43ef88f146eec99bc2c1bd9e4e63d4be,Dimond rich,124,3202,Spring-a-round,COBRAS
jay1sh,https://www.nitromath.com/racer/jay1sh,",Joxx,",148,3155,Yo,WL
ampray,https://www.nitromath.com/racer/ampray,ampray,131,3032,Spring-a-round,LEGOLF
mtana12,https://www.nitromath.com/racer/mtana12,Koploon Alt,105,3000,Ninja,APLU5
therealr4d1ant,https://www.nitromath.com/racer/therealr4d1ant,R4d1ant,316,2845,Keyboard Cat,ML
kingyuki_box0,https://www.nitromath.com/racer/kingyuki_box0,Kingyuki_box0,154,2749,Filthy Rich,IM2
thefastcakes,https://www.nitromath.com/racer/thefastcakes,thefastcakes,87,2727,Nitro Dog,LEGOLF
552c1d98cc0d6544eebdac5cb322e275,https://www.nitromath.com/racer/552c1d98cc0d6544eebdac5cb322e275,-swift-,113,2579,Never Exhausted,J4UP
peaceabletyping3,https://www.nitromath.com/racer/peaceabletyping3,InfinityAndBeyond,81,2510,Overdrive,FASZ
tyo90,https://www.nitromath.com/racer/tyo90,✨superjoelzy✨,72,2506,Operation: Typing,JSTW
a8972a0601a6377f48543dd5f2c9bf63,https://www.nitromath.com/racer/a8972a0601a6377f48543dd5f2c9bf63,Sidewalkturtle_Final,201,2408,Tilted Typist,ETYPEC
raestay,https://www.nitromath.com/racer/raestay,Rae                                               ,435,2301,Never Exhausted,TMS
unithepro,https://www.nitromath.com/racer/unithepro,Jax                                               ,80,2283,League Champion,X3
sub_2_turtlzed_yt,https://www.nitromath.com/racer/sub_2_turtlzed_yt,Turtlzed YT,130,2280,Happy Vibes :),T2WIN
havenstedfast,https://www.nitromath.com/racer/havenstedfast,Infinity Speed,87,2208,Ace Accelerator,FASZ
skipfiveyt,https://www.nitromath.com/racer/skipfiveyt,Smores,1032,2206,Insert Title Here,TMS
0e1c8049d10fad5f1947ddf1bca0743b,https://www.nitromath.com/racer/0e1c8049d10fad5f1947ddf1bca0743b,TheEvilDead,58,2186,Ultimate Racer,KINGH
chatterbox_cam,https://www.nitromath.com/racer/chatterbox_cam,Chatterbox Cam,83,2163,Let's Gooooo!,DKC
33serdyukoleo,https://www.nitromath.com/racer/33serdyukoleo,The Stallion,67,2144,Millionaire,NFL
ppnugget1234,https://www.nitromath.com/racer/ppnugget1234,CyberChicken10K,177,2139,Operation: Typing,ML
97eb7609e681cd0c032e4c4ecc8b2ed7,https://www.nitromath.com/racer/97eb7609e681cd0c032e4c4ecc8b2ed7,-BlueStar-,77,2128,Olde School,IM2
princewarrior606,https://www.nitromath.com/racer/princewarrior606,PW                                                ,670,2126,Tilted Typist,WL
monkeyface1212,https://www.nitromath.com/racer/monkeyface1212,friendof jesus,73,2121,"Peace, Love, Nitros",WINNR
auburnblaze,https://www.nitromath.com/racer/auburnblaze,auburnblaze,155,2073,Trailblazer,CC
a59bb5596aefea522e98cf3a115db63f,https://www.nitromath.com/racer/a59bb5596aefea522e98cf3a115db63f,"john 3,16 look it up",96,2056,Clutch Typer,IM2
fb1b40659a536d6e7d68de16f49b33b3,https://www.nitromath.com/racer/fb1b40659a536d6e7d68de16f49b33b3,Mgcars_ritch,91,2054,Santa’s Lil’ Helper,EVSC
30bbba639d4319c0675c347c691e4393,https://www.nitromath.com/racer/30bbba639d4319c0675c347c691e4393,Can I Have Gold Plz,145,2046,Yo,IM2
advarw,https://www.nitromath.com/racer/advarw,NitroType since 2019,79,1963,#NitroFurze,IM2
reesedebeast,https://www.nitromath.com/racer/reesedebeast,joinmyteammoney,83,1952,Epic Engager,X3
garrettdr,https://www.nitromath.com/racer/garrettdr,LightningSpeed25,113,1922,Nitro Pup,FASZ
isaacfirstplace,https://www.nitromath.com/racer/isaacfirstplace,VIKING KING,54,1914,Need 4 Speed,SHIP
bessyann81,https://www.nitromath.com/racer/bessyann81,CozyIndigoCheetah,94,1899,Ninja,FUS3
pineycreekkid,https://www.nitromath.com/racer/pineycreekkid,pineycreekkid,93,1837,Filthy Rich,IM2
wolftechnology,https://www.nitromath.com/racer/wolftechnology,The Wolf,58,1836,League Champion,ML
95462a37c7fc30f2400d1d990a949f94,https://www.nitromath.com/racer/95462a37c7fc30f2400d1d990a949f94,RIP NITRO TYPE BRO,90,1827,The Diamond Racer,N8TH
deathviper_10k,https://www.nitromath.com/racer/deathviper_10k,Tranquility,83,1763,"Peace, Love, Nitros",FASZ
118665c6f7068d99d63effed86235956,https://www.nitromath.com/racer/118665c6f7068d99d63effed86235956,WiseMaroonAlpaca,90,1748,Raw Racing Recruit,IM2
leeasl,https://www.nitromath.com/racer/leeasl,Steph Curr,85,1741,Pro Pacer,IM2
087c6850ff31f1dc6367db022cc6477e,https://www.nitromath.com/racer/087c6850ff31f1dc6367db022cc6477e,big boy225,79,1698,Mystery Man,BEAST
amongus135,https://www.nitromath.com/racer/amongus135,amongus135,70,1609,Millionaire,IM2
55257dd9694d4e9f7516dcf37ce206be,https://www.nitromath.com/racer/55257dd9694d4e9f7516dcf37ce206be,THE ALPHA DEMON,74,1599,Secret Agent,IM2
de477a32d0e75e2d980566be806956f3,https://www.nitromath.com/racer/de477a32d0e75e2d980566be806956f3,I like to Crash out,54,1593,Taco Lover,TMS
drmilletistheog,https://www.nitromath.com/racer/drmilletistheog,-Hypex Road to 20k-,222,1590,Nitro Rich,R3M1X
n474585shark,https://www.nitromath.com/racer/n474585shark,SHARKSRULE12345,55,1556,Auto Avenger,NFL881
purdueplayer0,https://www.nitromath.com/racer/purdueplayer0,Purdueplayer,70,1544,Tilted Typist,GRIFF
drsaben,https://www.nitromath.com/racer/drsaben,topazfox_1282,72,1528,Used Car Salesman,IM2
in1904,https://www.nitromath.com/racer/in1904,GoneViral,457,1520,Endurance Racer,TMS
losdedos,https://www.nitromath.com/racer/losdedos,Go Eagles,55,1458,Great Scott!,LEGOLF
041ae92ba4ef7bb27a2c116879e6945f,https://www.nitromath.com/racer/041ae92ba4ef7bb27a2c116879e6945f,Th3_M3Me_M45T3R,57,1446,Champion Chaser,TOSONT
davidh314,https://www.nitromath.com/racer/davidh314,Usain Bolt,70,1420,Box Collector,SHIP
c78a6a010d7775a5407c4b2afed25f0d,https://www.nitromath.com/racer/c78a6a010d7775a5407c4b2afed25f0d,bro chill,62,1395,Millionaire,BEAST
5396878d06574a7d5e89b019faa711cf,https://www.nitromath.com/racer/5396878d06574a7d5e89b019faa711cf,mickey mouse,67,1363,:D,CONM
scottisawesome14,https://www.nitromath.com/racer/scottisawesome14,PatrioticScott14,62,1361,Great Scott!,X3
jaxmeta,https://www.nitromath.com/racer/jaxmeta,JaxMeta,73,1317,Hydraulic Hero,IM2
b40b4dc28ccfe48aad00cacca90352c4,https://www.nitromath.com/racer/b40b4dc28ccfe48aad00cacca90352c4,Belico,89,1305,Millionaire,WOLVEZ
gordo90,https://www.nitromath.com/racer/gordo90,gordo90,48,1280,Millionaire,TOSONT
willkids,https://www.nitromath.com/racer/willkids,For Jesus ONLY,57,1278,Battle Beast,SERVNT
1ebd7a58195933f624e90ce4ddae0f67,https://www.nitromath.com/racer/1ebd7a58195933f624e90ce4ddae0f67,EpicPenguinRacer,54,1275,Millionaire,CC
924426af89a142030d09795a46975cdc,https://www.nitromath.com/racer/924426af89a142030d09795a46975cdc,PreciseSapphireGoose,49,1263,Millionaire,X3
wild_x_derxy,https://www.nitromath.com/racer/wild_x_derxy,PrinceWarrior,406,1244,Tilted Typist,WL
d9a5545b0bcaad9a163e8d772be31e84,https://www.nitromath.com/racer/d9a5545b0bcaad9a163e8d772be31e84,Bearer of the Curse,54,1219,Pro Pacer,IM2
9edcfa3d1244be4a4e4497af8e56d947,https://www.nitromath.com/racer/9edcfa3d1244be4a4e4497af8e56d947,bonanaweeeeeeeeweeee,46,1194,Santa’s Lil’ Helper,NFL
mseank,https://www.nitromath.com/racer/mseank,mseank,52,1186,Raw Racing Recruit,LGCS
nincalebgamez,https://www.nitromath.com/racer/nincalebgamez,⚡Nincaleb⚡,47,1166,PAC Contender,IM4
90f73e016a232f7891c06cf6d409bba9,https://www.nitromath.com/racer/90f73e016a232f7891c06cf6d409bba9,Nitro Hero,70,1160,Luck o' the Irish,SHIP
cfe5c5250ab850d9c0caf47bb80b1914,https://www.nitromath.com/racer/cfe5c5250ab850d9c0caf47bb80b1914,biscuitplayz,58,1150,Overdrive,BAG
destroyerhammer,https://www.nitromath.com/racer/destroyerhammer,Destroyerhammer,33,1123,Battle Beast,4MATH
dafb5cb2699f3b544b69acfeeea0dda2,https://www.nitromath.com/racer/dafb5cb2699f3b544b69acfeeea0dda2,Guyen is the king,52,1121,I Love Dogs,81BAG
sammonq4,https://www.nitromath.com/racer/sammonq4,The Green Ninja,101,1121,Spring-a-round,4MATH
megalodono,https://www.nitromath.com/racer/megalodono,PrinceWarrior,259,1114,Tilted Typist,WL
bill_jones,https://www.nitromath.com/racer/bill_jones,Slugcat,45,1101,Original Gangster,RISE
freebirdalt2,https://www.nitromath.com/racer/freebirdalt2,Nightfall Wolf,235,1100,Expert Extraordinaire,WOLVEZ
c2d365ed6ff5f199c3761e82754e5356,https://www.nitromath.com/racer/c2d365ed6ff5f199c3761e82754e5356,Mango Boy,143,1100,Spring-a-round,IM2
diegaso,https://www.nitromath.com/racer/diegaso,diegaso,50,1088,The ATM Machine,4MATH
c015d6477d29db3baf640770df81d476,https://www.nitromath.com/racer/c015d6477d29db3baf640770df81d476,Old Skool,63,1078,The ATM Machine,CC
bryan453678,https://www.nitromath.com/racer/bryan453678,Bryan f,42,1067,Pro Pacer,NFL
fabio_wibmer,https://www.nitromath.com/racer/fabio_wibmer,Fabiolous Escape,36,1062,League Champion,ML
imastonecoldtyper,https://www.nitromath.com/racer/imastonecoldtyper,Internet Typer YT,25,1049,Celebrity,TR1
will_i_am12,https://www.nitromath.com/racer/will_i_am12,-WHardy-,54,1045,Legendary Lapper,SHIP
greysonj195,https://www.nitromath.com/racer/greysonj195,Broken Keys 31K,41,1043,Turbo Tycoon,SHIP
b0d0f5e82e35e73018ac947b477a25f1,https://www.nitromath.com/racer/b0d0f5e82e35e73018ac947b477a25f1,Chill_Aaron123456789,41,1038,Millionaire,ZOOM
2slow4play,https://www.nitromath.com/racer/2slow4play,2Slow4Race_alt2,43,1007,Nitro Rich,MATHNL
3c0295d8913c87d35b4e48912b2a13cf,https://www.nitromath.com/racer/3c0295d8913c87d35b4e48912b2a13cf,DOWNSiDE_UP,35,1004,Original Gangster,TCLIP
181873,https://www.nitromath.com/racer/181873,EMIRATES,38,981,Yo,CC
demaurya,https://www.nitromath.com/racer/demaurya,PrinceWarriorxPC4,251,978,Tilted Typist,WL
ppmtjm,https://www.nitromath.com/racer/ppmtjm,Polly P,40,972,Expert Extraordinaire,SERVNT
hpwalt,https://www.nitromath.com/racer/hpwalt,"Kings Crossing, ES",62,969,Speed Demon,J4UP
dc754820f31cda53784950b971587f07,https://www.nitromath.com/racer/dc754820f31cda53784950b971587f07,Be Positive Always,43,938,The ATM Machine,NFL881
nono13thelad,https://www.nitromath.com/racer/nono13thelad,-AeroAlpha-,40,935,Sweaty Typer,J4UP
821xofzapot,https://www.nitromath.com/racer/821xofzapot,2821_xofzapot,41,933,Not a Bot,WOLVEZ
53483611943c8b4c9fce20f52c3c1b5f,https://www.nitromath.com/racer/53483611943c8b4c9fce20f52c3c1b5f,King_Of_Typing,47,930,Ninja,WOLVEZ
allaloneforever123,https://www.nitromath.com/racer/allaloneforever123,PrinceWarrior,252,927,League Champion,WL
oksskkswkakk,https://www.nitromath.com/racer/oksskkswkakk,Vee                                               ,128,910,Encore,A3
fggdhfhrh,https://www.nitromath.com/racer/fggdhfhrh,fggdhfhrh,39,909,Potaytoes,DKC
487bd480876ab92f5bc8759f7892d344,https://www.nitromath.com/racer/487bd480876ab92f5bc8759f7892d344,The Mango Master,98,908,I Love Cats,IM2
b3283a1403ce6dc52ed0049e5f5f60a3,https://www.nitromath.com/racer/b3283a1403ce6dc52ed0049e5f5f60a3,Ghost Boy,39,899,Original Gangster,BEAST
sideshow_2,https://www.nitromath.com/racer/sideshow_2,"Ray 1,5k",105,890,Turbo Tycoon,TCLIP
typingninja234,https://www.nitromath.com/racer/typingninja234,Gi-Hunplayer456,42,889,WPM Wonderkid,49ERSI
6a6388ea5c8f1347760f9d1a97513472,https://www.nitromath.com/racer/6a6388ea5c8f1347760f9d1a97513472,0COOK0,42,877,Spring-a-round,ETYPEC
skycloud2000,https://www.nitromath.com/racer/skycloud2000,PrinceWarrior2000,212,854,Tilted Typist,WL
jlee824,https://www.nitromath.com/racer/jlee824,MASTER-DOG-2024,27,851,League Champion,FASZ
614cfded24fb392d378e4cb71058d018,https://www.nitromath.com/racer/614cfded24fb392d378e4cb71058d018,coderedbeasty,40,851,Original Gangster,TMS
bull33,https://www.nitromath.com/racer/bull33,Lag Boulevard,34,851,Oops!,TCLIP
texas_cowboy,https://www.nitromath.com/racer/texas_cowboy,Cowboy,28,833,Taco Lover,SHIP
ninecatsare,https://www.nitromath.com/racer/ninecatsare,Basketbalcamp99pines,46,822,Yo,JDFU
glvnitro,https://www.nitromath.com/racer/glvnitro,-_-Winn3r-_-,29,810,WPM Wonderkid,NITR0
ashaztheking,https://www.nitromath.com/racer/ashaztheking,Ashaztheking,44,804,Nitro Rich,IM2
sammonq6,https://www.nitromath.com/racer/sammonq6,Elicool200,30,802,Gear Grinder,4MATH
8ff8a05d818e0186d0e154ea9ab88698,https://www.nitromath.com/racer/8ff8a05d818e0186d0e154ea9ab88698,AquaBlueDamselfly,39,796,The Smasher,BEAST
6b99d68cdc3043312cca2fdbc814d061,https://www.nitromath.com/racer/6b99d68cdc3043312cca2fdbc814d061,LJCCCCCCC,43,792,Pro Pacer,R3M1X
kingcalpal,https://www.nitromath.com/racer/kingcalpal,Firestar 1k,31,783,Original Gangster,LEGOLF
ishan1234567890987,https://www.nitromath.com/racer/ishan1234567890987,ishan1234567890987,46,773,Raw Racing Recruit,COBRAS
bbfc0363c3b2ff2fae18ac2784f04703,https://www.nitromath.com/racer/bbfc0363c3b2ff2fae18ac2784f04703,DazzlingYellowCondor,54,770,Raw Racing Recruit,LEGOLF
me_say_hi_to_u,https://www.nitromath.com/racer/me_say_hi_to_u,i_said_hi,31,767,Yo,CONM
boogewyler,https://www.nitromath.com/racer/boogewyler,i love jesus,28,762,The Prankster,JE4US
842825373c17ae11234ceacc011473a9,https://www.nitromath.com/racer/842825373c17ae11234ceacc011473a9,Football God,36,760,Yo,ETYPEC
8a629400a8fec07bb74569f97cc25790,https://www.nitromath.com/racer/8a629400a8fec07bb74569f97cc25790,userrrrrr,70,756,Yo,IM2
f9979e942b9b45f08caf6660c712c866,https://www.nitromath.com/racer/f9979e942b9b45f08caf6660c712c866,jackson,33,752,Not a Bot,IM2
type_chip11,https://www.nitromath.com/racer/type_chip11,One of those guys,49,750,Not a Bot,WOLVEZ
ba8f60104797addd20e52d72484846d4,https://www.nitromath.com/racer/ba8f60104797addd20e52d72484846d4,Zavier,40,743,Potaytoes,TOSONT
specialpurple,https://www.nitromath.com/racer/specialpurple,Draky ya,42,743,The Smasher,R3M1X
chengjunyestudent,https://www.nitromath.com/racer/chengjunyestudent,jyjyjy,42,717,Learner Leader,SERVNT
40f0f38f4d2e8a56a7f10cde2683c417,https://www.nitromath.com/racer/40f0f38f4d2e8a56a7f10cde2683c417,navy and lake,35,705,Epic Engager,JLFU
abdullahalamri,https://www.nitromath.com/racer/abdullahalamri,abdullahalamri,34,701,Filthy Rich,4MATH
ad53e655b11c01ab087147129c0fd319,https://www.nitromath.com/racer/ad53e655b11c01ab087147129c0fd319,IndigoMaroonBonobo,32,696,Filthy Rich,SAVVEE
29991f9a735ca05889c30a5b7e6bad4c,https://www.nitromath.com/racer/29991f9a735ca05889c30a5b7e6bad4c,CharismaticTealScorpion,35,691,Raw Racing Recruit,COBRAS
cdruss,https://www.nitromath.com/racer/cdruss,cdruss,27,682,Legendary Lapper,4MATH
fc7744a52fe2bc52a1767dcd1eedab71,https://www.nitromath.com/racer/fc7744a52fe2bc52a1767dcd1eedab71,PLS GOLD,73,673,"Peace, Love, Nitros",SERVNT
vrooom16,https://www.nitromath.com/racer/vrooom16,Archimedes,36,672,Fleet Admiral,DKC
ike_fan,https://www.nitromath.com/racer/ike_fan,A W E S O M E,33,671,The Diamond Racer,SHIP
kiwicar44,https://www.nitromath.com/racer/kiwicar44, pine  ,41,660,Car Collector,A3
01bcc129c5432fdd901f4014be9df15b,https://www.nitromath.com/racer/01bcc129c5432fdd901f4014be9df15b,Gru Armaando,26,658,Encore,BOB151
radioshock,https://www.nitromath.com/racer/radioshock,XCelior,24,655,First Trimester,12312B
dfe49df5d8b8b8aa9094dcd2d2137c8c,https://www.nitromath.com/racer/dfe49df5d8b8b8aa9094dcd2d2137c8c,KingKumba1993,22,655,Top Tier,GRIFF
9a00d7ac76ad6d607b9d678b952943cc,https://www.nitromath.com/racer/9a00d7ac76ad6d607b9d678b952943cc,MVP JOKIC,30,646,Not a Bot,BOB151
e184dfe4e97ea142d716c270de108540,https://www.nitromath.com/racer/e184dfe4e97ea142d716c270de108540,Yonaz_DoesMath,30,644,Raw Racing Recruit,T2WIN
b748aef7c248dece91a7e07a4e978e46,https://www.nitromath.com/racer/b748aef7c248dece91a7e07a4e978e46,ApricotIndigoCricket,34,624,Olde School,CC
dn3423,https://www.nitromath.com/racer/dn3423,dn3423,26,623,Rudolph Racing,JE4US
ljgthegoat,https://www.nitromath.com/racer/ljgthegoat,God is Lord of Lords,27,620,Champion Chaser,JDFU
856b404da18da77d3739167093f4af4c,https://www.nitromath.com/racer/856b404da18da77d3739167093f4af4c,cm punk,27,617,Mystery Man,CC
surferdudehj,https://www.nitromath.com/racer/surferdudehj,Matthew Neal,24,611,Can-Do Dynamo,DM8TE
jaguar377,https://www.nitromath.com/racer/jaguar377,Celebrimbor,27,604,Endurance Racer,SHIP
ily2thestars,https://www.nitromath.com/racer/ily2thestars,SugarBeeX3,21,602,Rival Team,X3
9b9196229a7e9a0036186fe65271235f,https://www.nitromath.com/racer/9b9196229a7e9a0036186fe65271235f,Brace for impact,22,596,Expert Extraordinaire,CRAZZZ
toeagle2114,https://www.nitromath.com/racer/toeagle2114,Curryisthegoat,32,595,Raw Racing Recruit,JLFU
64915ce4220c274aaacf8fa677d97db4,https://www.nitromath.com/racer/64915ce4220c274aaacf8fa677d97db4,Shaquille oatmealisw,28,593,I Hate Words,SERVNT
2fc35cc676f274c5b78d720e22fa2161,https://www.nitromath.com/racer/2fc35cc676f274c5b78d720e22fa2161,ROBLOX,27,586,Millionaire,ALSLUG
47cf6c7952a621f6a846a5e4ee6197ee,https://www.nitromath.com/racer/47cf6c7952a621f6a846a5e4ee6197ee,OutgoingOliveOrca,28,578,Ninja,T2WIN
dannykel,https://www.nitromath.com/racer/dannykel,Rigid2k,23,572,Master Motorist,FASZ
b0118fd8c2a8f90ae16ce5cc34e46d1a,https://www.nitromath.com/racer/b0118fd8c2a8f90ae16ce5cc34e46d1a,Adam the WINNNNER 7,26,565,Pro Pacer,TOSONT
d4db3091c2291f8660f1cebe53745335,https://www.nitromath.com/racer/d4db3091c2291f8660f1cebe53745335,Books are awesome,23,564,The ATM Machine,NITR0
sammonq,https://www.nitromath.com/racer/sammonq,Join Math Team4 cash,46,564,League Champion,4MATH
e4fd3e54642bf2aad1f06c701042989c,https://www.nitromath.com/racer/e4fd3e54642bf2aad1f06c701042989c,LETS_GO,22,563,♪ So Delightful ♪,APLU5
e25058f47069d00b33c79a2a7c246aa3,https://www.nitromath.com/racer/e25058f47069d00b33c79a2a7c246aa3,RadiatedDog14,27,561,Filthy Rich,T2WIN
f9c80a5d3789046c04fca96b7e9e7d44,https://www.nitromath.com/racer/f9c80a5d3789046c04fca96b7e9e7d44,the dog,25,560,Yuletide Spirit,BEAST
ec934eb4732dafd3f8478510bb45f9ff,https://www.nitromath.com/racer/ec934eb4732dafd3f8478510bb45f9ff,C R A Z Y,44,559,Yo,WMDSM
b21839f9106d7e22303fcb1df43d7897,https://www.nitromath.com/racer/b21839f9106d7e22303fcb1df43d7897,goatbest124 sos,25,555,Luck o' the Irish,CC
beanboi78906,https://www.nitromath.com/racer/beanboi78906,BMartin786,25,544,Dragon Tamer,4MATH
jyaperez07,https://www.nitromath.com/racer/jyaperez07,jyaperez07,34,540,Epic Word Skippage,WL
cricketipl100,https://www.nitromath.com/racer/cricketipl100,B_L_U_E_G_U_Y,28,536,WPM Wonderkid,MATHNL
c2602b78fa194e7d51c031e2bc35c20a,https://www.nitromath.com/racer/c2602b78fa194e7d51c031e2bc35c20a,did i hear 6 7,38,529,Speed Demon,ETYPEC
declancoleman,https://www.nitromath.com/racer/declancoleman,Wal-mart-employeee,29,528,Not a Bot,IM2
vihudonth,https://www.nitromath.com/racer/vihudonth,BestVihuDonth,30,527,[SKIPWRD],CC
069aac79cd90d694b08076e7d6fe0826,https://www.nitromath.com/racer/069aac79cd90d694b08076e7d6fe0826,patrickmahomesgoat,26,518,Merry Christmas!,N8TH
3b9c9a1c544aa5bd8e79f9756a56402a,https://www.nitromath.com/racer/3b9c9a1c544aa5bd8e79f9756a56402a,LINCOLN_S,39,513,Ninja,CC
c9353d07c789b8a014b561216d6122a2,https://www.nitromath.com/racer/c9353d07c789b8a014b561216d6122a2,Jace the goat,27,509,Santa’s Lil’ Helper,TOSONT
jayce67,https://www.nitromath.com/racer/jayce67,Emperor Jaguar,18,502,Need 4 Speed,LEGOLF
rgodw0,https://www.nitromath.com/racer/rgodw0,thefoxking,30,500,Nitro Dog,CC
fa31c0cff05d3d223615252125206353,https://www.nitromath.com/racer/fa31c0cff05d3d223615252125206353,jaceyonwedlowgta6,24,497,Ninja,EVSC
star_wars_ryan,https://www.nitromath.com/racer/star_wars_ryan,LegoMaster,19,494,Box Collector,TCLIP
littleballerinagirl,https://www.nitromath.com/racer/littleballerinagirl,Jesus is the messiah,20,486,Champion Chaser,ML
bry725,https://www.nitromath.com/racer/bry725,Fusion,17,481,The Smasher,FUS3
d2c476cfe708db56e7f88d59528e473b,https://www.nitromath.com/racer/d2c476cfe708db56e7f88d59528e473b,GoopyWarrior,18,476,Solid Gold,WCV
bryansniketec,https://www.nitromath.com/racer/bryansniketec,bryansniketec,28,476,Raw Racing Recruit,NFL881
x_onion_x,https://www.nitromath.com/racer/x_onion_x,Bermuda,15,475,Bootstrapper,ZH
w1ldmeteor,https://www.nitromath.com/racer/w1ldmeteor,W1LD M3T3OR,17,475,Legendary Lapper,TOSONT
noahruth,https://www.nitromath.com/racer/noahruth,SPEED-1,18,471,Olde School,JDFU
a8f01e87dfaea5d8006f19ffbc4c110a,https://www.nitromath.com/racer/a8f01e87dfaea5d8006f19ffbc4c110a,SYATFL J COLE CISI,36,461,"Peace, Love, Nitros",TOSONT
2slow4race,https://www.nitromath.com/racer/2slow4race,2Slow4Race,23,460,League Champion,SAVVEE
gv24kylep65234,https://www.nitromath.com/racer/gv24kylep65234,gv24kylep65234,26,457,Rookie Racer,ML
ca8a3039a5bdf5479265079af31f1441,https://www.nitromath.com/racer/ca8a3039a5bdf5479265079af31f1441,forntinging,37,456,Original Gangster,PIGGY
townmanguy,https://www.nitromath.com/racer/townmanguy,townmanguy,26,451,Word Skipper,MATHNL
lucaszelazowski,https://www.nitromath.com/racer/lucaszelazowski,GottaGoFaster,20,448,Breaker of Winds,TOSONT
nuruddeen,https://www.nitromath.com/racer/nuruddeen,-_-polar-_-,18,447,Nitro Dog,A3
theneedfornitro,https://www.nitromath.com/racer/theneedfornitro,1Kprofilepageviews,20,446,Not a Bot,IM2
starlight146,https://www.nitromath.com/racer/starlight146,l i l y,22,442,A E S T H E T I C,PNKYPI
cbddecfe72c7e55c942559f74df9b211,https://www.nitromath.com/racer/cbddecfe72c7e55c942559f74df9b211,YANXZI,21,436,Loco Motive,KINGS
kingbarnabas,https://www.nitromath.com/racer/kingbarnabas,GREEK FR34K,20,433,Sp3llchekcer,FASZ
0ba0b15e4e6ceef7415a049fbf33e746,https://www.nitromath.com/racer/0ba0b15e4e6ceef7415a049fbf33e746,Patrick mahomes,42,428,Big Spender,ML
carcarcar76,https://www.nitromath.com/racer/carcarcar76,Enzo 20k,18,423,Sp3llchekcer,JSTW
ggggggg567676,https://www.nitromath.com/racer/ggggggg567676,ggggggg567676,18,422,Nitro Burnout,KINGH
dough43765783,https://www.nitromath.com/racer/dough43765783,dough43765783,30,418,Pro Pacer,CC
ljbob8,https://www.nitromath.com/racer/ljbob8,MrMcnugget,17,413,Millionaire,DRBZZZ
archakiichan,https://www.nitromath.com/racer/archakiichan,Y-o-k-a-t-u-s-u,20,412,Breaker of Winds,WL
871a38a38705ab93defb3543b8016c4f,https://www.nitromath.com/racer/871a38a38705ab93defb3543b8016c4f,JIMMY COOKS,23,402,Bubbly!,T2WIN
beehvedagoat,https://www.nitromath.com/racer/beehvedagoat,WH1MZICAL_YT ,18,402,Overdrive,X3
tptheodore,https://www.nitromath.com/racer/tptheodore,✨No.1✨,18,400,Car Collector,JSTW
brother_hok,https://www.nitromath.com/racer/brother_hok,brother_hok,21,397,Yo,BAG
cf3a1158619832a6213d46c39b79df07,https://www.nitromath.com/racer/cf3a1158619832a6213d46c39b79df07,thebestplayer,29,390,Olde School,TMS
larriz233,https://www.nitromath.com/racer/larriz233,Larriz233 Dark,12,387,League Champion,J4UP
1d546eecb8802284c3fcade9def6551d,https://www.nitromath.com/racer/1d546eecb8802284c3fcade9def6551d,spider man has ris,31,386,Ninja,CC
road2legend1,https://www.nitromath.com/racer/road2legend1,IndigoScarletHummingbird,15,383,2icy4u,NMV
6cbc728fe70cca59729f9750561775c8,https://www.nitromath.com/racer/6cbc728fe70cca59729f9750561775c8,I like jesus,22,369,Champion Chaser,IM2
b76ec66f7f8e8a6a5dd8a2c306eacf86,https://www.nitromath.com/racer/b76ec66f7f8e8a6a5dd8a2c306eacf86,her I am,18,368,Santa’s Lil’ Helper,BEAST
devejk,https://www.nitromath.com/racer/devejk,devejk,24,368,Raw Racing Recruit,LEGOLF
studentdrifter,https://www.nitromath.com/racer/studentdrifter,IG JAYTOTHIN,17,357,Learner Leader,ML
de5e18eb4aa1be335cc97c1967d302d8,https://www.nitromath.com/racer/de5e18eb4aa1be335cc97c1967d302d8,EaglesFan5310,19,356,Cupid's Arrow,12312B
419140208935803d64e96876a8fffa24,https://www.nitromath.com/racer/419140208935803d64e96876a8fffa24,Boys rule,18,354,Mystery Man,NFL
syonpadhiyar,https://www.nitromath.com/racer/syonpadhiyar,SyonTheOpTyper,20,354,Legendary Lapper,NTPD1
arlan2000,https://www.nitromath.com/racer/arlan2000,Arlz 175k,10,351,Nitro Dog,J4UP
ferrarixpro77654,https://www.nitromath.com/racer/ferrarixpro77654,~W1LDST4R~,14,350,Shattered,X3
bolyind34,https://www.nitromath.com/racer/bolyind34,bolyind34,25,347,Big Spender,T2WIN
elhispano777,https://www.nitromath.com/racer/elhispano777,J_2max,16,346,Epic Engager,SERVNT
coco_speeder2,https://www.nitromath.com/racer/coco_speeder2,coco_speeder2,13,342,Nitro Booster,FASZ
terreto2,https://www.nitromath.com/racer/terreto2,Goldn2k,16,339,Legendary Lapper,FASZ
9aaa5ee9cb6f5db11279e5ca7e504c67,https://www.nitromath.com/racer/9aaa5ee9cb6f5db11279e5ca7e504c67,Beast team,15,339,Word Skipper,BEAST
2078e59a18bb79fee08996ebc46d56cf,https://www.nitromath.com/racer/2078e59a18bb79fee08996ebc46d56cf,InventiveGreenCrawdad,18,339,Millionaire,T2WIN
becf07fe8862e0426c254f95e89fa3fe,https://www.nitromath.com/racer/becf07fe8862e0426c254f95e89fa3fe,Stuart the minion,16,336,I Love Dogs,BOB151
c0cee6afad929a100d112ec81bf93ff0,https://www.nitromath.com/racer/c0cee6afad929a100d112ec81bf93ff0,Penguinlegion27,22,329,Auto Avenger,CC
168da585b9ada62c312d01d17c185838,https://www.nitromath.com/racer/168da585b9ada62c312d01d17c185838,sonictheheghog,15,329,Mystery Man,MATH
ranger1208,https://www.nitromath.com/racer/ranger1208,,11,327,Battle Beast,LGE
brodacious456,https://www.nitromath.com/racer/brodacious456,PC4 x MD9 x PW,82,327,Turbo Tycoon,WL
cuber100000,https://www.nitromath.com/racer/cuber100000,cuber100000,27,325,Ace Accelerator,OT
1ccdbc7e7dd800bdff17dd518d49e4c6,https://www.nitromath.com/racer/1ccdbc7e7dd800bdff17dd518d49e4c6,0 w 0 hacker,20,319,Epic Word Skippage,CC
balieyrey566,https://www.nitromath.com/racer/balieyrey566,balieyrey566,18,318,Ray of Sunshine,TRUST
pogboy3000,https://www.nitromath.com/racer/pogboy3000,Sub2InternetTyperAlt,57,316,Square Deal Speedster,IM2
worksmarternotharder,https://www.nitromath.com/racer/worksmarternotharder,Serendipity,12,312,Spring Vibin',WL
ashwinip,https://www.nitromath.com/racer/ashwinip,Ashuwu,12,311,Happy Vibes :),PNKYPI
bgmc12,https://www.nitromath.com/racer/bgmc12,bgmc12,15,311,Rudolph Racing,JLFU
bab1d6ee6a929d7bd04d355b82101e04,https://www.nitromath.com/racer/bab1d6ee6a929d7bd04d355b82101e04,DependableCoralCuckoo,18,311,I Love Dogs,BAG
2c04ba806a74ef783247b3ea4f8d2f0b,https://www.nitromath.com/racer/2c04ba806a74ef783247b3ea4f8d2f0b,Peterissofaartking,20,311,Raw Racing Recruit,JDFU
corsa_ultima,https://www.nitromath.com/racer/corsa_ultima,Lavish X Mateo,154,309,Not a Bot,TMS
94kings,https://www.nitromath.com/racer/94kings,BYU Cougars,16,307,Loaded Lorry Legend,JE4US
ramman24,https://www.nitromath.com/racer/ramman24,ramman24,16,306,Catty Wampus,CC
n1tr0_mast3r,https://www.nitromath.com/racer/n1tr0_mast3r,n1tr0_mast3r,14,303,I Love Dogs,APLU5
guingrichkids,https://www.nitromath.com/racer/guingrichkids,Adalady,12,303,Title Collector,MATT18
723f290eff19f48213e12f5c463085cd,https://www.nitromath.com/racer/723f290eff19f48213e12f5c463085cd,gjdhxgjdhgja,23,296,Potaytoes,JLFU
4bb6bb8184022bbf5d512b9482c88eff,https://www.nitromath.com/racer/4bb6bb8184022bbf5d512b9482c88eff,Leah1234,11,293,Raw Racing Recruit,SHIP
cbab23c06e65d3fd88582e9e01ae74a2,https://www.nitromath.com/racer/cbab23c06e65d3fd88582e9e01ae74a2,forgoten,12,293,Rookie Racer,WINNR
9e4ac56684bc1c956ac15b31410edd13,https://www.nitromath.com/racer/9e4ac56684bc1c956ac15b31410edd13,SKIPWRD,16,291,I Love Cats,FASZ
08af054ffc7d4db63c8dafcc6b105247,https://www.nitromath.com/racer/08af054ffc7d4db63c8dafcc6b105247,Where Is My Mind,13,288,Original Gangster,SERVNT
d64e4deeff0d85736f7c601dbb5f69ec,https://www.nitromath.com/racer/d64e4deeff0d85736f7c601dbb5f69ec,NITR0 TYPE BOT,13,285,Champion Chaser,SERVNT
stype9,https://www.nitromath.com/racer/stype9,stype49,16,280,A E S T H E T I C,WMDSM
ahoink1,https://www.nitromath.com/racer/ahoink1,ahoink1,13,279,Filthy Rich,49ERSI
2c21faa7e4ff0026ce9d87c6de37161b,https://www.nitromath.com/racer/2c21faa7e4ff0026ce9d87c6de37161b,Nitro king,14,279,Yo,CC
0d0933ef4654a7309aef4c44824e496f,https://www.nitromath.com/racer/0d0933ef4654a7309aef4c44824e496f,ARE ANY GOOD,13,278,Epic Nitro User,TOSONT
a8abcd2cf81c911bf55bd9890c816954,https://www.nitromath.com/racer/a8abcd2cf81c911bf55bd9890c816954,CAT NINJA KING,15,277,May The 4th Be With You,NFL
fff42179c02932ff7f8e5f2ea4b4ff8d,https://www.nitromath.com/racer/fff42179c02932ff7f8e5f2ea4b4ff8d,N_REAL,15,270,Raw Racing Recruit,WCV
lightspeedprofile,https://www.nitromath.com/racer/lightspeedprofile,M-L-B,11,269,"Peace, Love, Nitros",NITR0
gv24oliverb58934,https://www.nitromath.com/racer/gv24oliverb58934,gv24oliverb58934,14,268,First Trimester,ML
636fd5be808a60670b12216ae131eda3,https://www.nitromath.com/racer/636fd5be808a60670b12216ae131eda3,HarmoniousVioletCoral,13,266,Millionaire,SERVNT
c4a40d31c10434b742fff0ca6e026713,https://www.nitromath.com/racer/c4a40d31c10434b742fff0ca6e026713,InnovativeAmethystCattle,32,265,Big Spender,WOLVEZ
revntedronaldo,https://www.nitromath.com/racer/revntedronaldo,DANA 10k,17,263,WPM Wonderkid,FASZ
ijustwon123456789,https://www.nitromath.com/racer/ijustwon123456789,thekingishere,12,263,Not a Bot,CRAZZZ
dylanh99ofc,https://www.nitromath.com/racer/dylanh99ofc,dylanh,13,261,First Trimester,X3
c66a1c874b735731364fa898054153db,https://www.nitromath.com/racer/c66a1c874b735731364fa898054153db,MagicalAmberHorse,9,260,Ninja,CRAZZZ
55e18015cb4e46bb11fb5c6c8c5d2033,https://www.nitromath.com/racer/55e18015cb4e46bb11fb5c6c8c5d2033,FOR MY TEAM,13,258,Olde School,CC
nwcs2023,https://www.nitromath.com/racer/nwcs2023,Sgt Hawks,10,258,Original Gangster,FASZ
a45d36c01bb04bf465f52500a859f65d,https://www.nitromath.com/racer/a45d36c01bb04bf465f52500a859f65d,TealLimeKiwi,27,257,WPM Wonderkid,DM8TE
0380efd1e61d425e3fe5738d4a1e16db,https://www.nitromath.com/racer/0380efd1e61d425e3fe5738d4a1e16db,I is a good friend,14,252,Millionaire,CR7TW
dbdd3959f37ef8f86b467d98b8d642e8,https://www.nitromath.com/racer/dbdd3959f37ef8f86b467d98b8d642e8,PRETZL,16,251,Nitro Libre,NITR0
soccerswag0333,https://www.nitromath.com/racer/soccerswag0333,Aemilian,31,249,2icy4u,ZH
0b7ef31253be9be956897a6962eaf320,https://www.nitromath.com/racer/0b7ef31253be9be956897a6962eaf320,Errorjavi7,13,246,I Love Dogs,GOLD55
kingliam123,https://www.nitromath.com/racer/kingliam123,preppyliam,11,246,Yo,X3
556e6269290a41eaaff2819209f5cf44,https://www.nitromath.com/racer/556e6269290a41eaaff2819209f5cf44,Aiden you can do Itt,11,245,Word Skipper,ETYPEC
d428bf68b1825d0a1b9d0fd3b0387886,https://www.nitromath.com/racer/d428bf68b1825d0a1b9d0fd3b0387886,Sweet Rose_84,15,244,Overdrive,CC
c7e6034271196f52431aaca0c6699071,https://www.nitromath.com/racer/c7e6034271196f52431aaca0c6699071,Frosty,10,243,Yo,4MATH
lukes15415,https://www.nitromath.com/racer/lukes15415,Dragon_Slayer_100,10,243,Ultimate Racer,FASZ
johnb135651,https://www.nitromath.com/racer/johnb135651,Rolling_Racer_Rex,10,241,Tilted Typist,PNKYPI
ihavemillionsofcashs,https://www.nitromath.com/racer/ihavemillionsofcashs,Rich_Person,11,239,Legendary Lapper,4MATH
dirtisgood,https://www.nitromath.com/racer/dirtisgood,dirtissoccer,11,239,Epic Nitro User,NITR0
100eca5595e29919641cc18dd38e0da8,https://www.nitromath.com/racer/100eca5595e29919641cc18dd38e0da8,DEFINITLY NOT ANGEL,17,237,Millionaire,GOAT
445566,https://www.nitromath.com/racer/445566,Viral_,116,237,Raw Racing Recruit,TMS
20ba87356ca22962a25c1759eeba5b79,https://www.nitromath.com/racer/20ba87356ca22962a25c1759eeba5b79,THING 1 Nov 4,11,234,I Love Cats,NFL
brysondabison,https://www.nitromath.com/racer/brysondabison,B1SON_5k,11,234,Insert Title Here,CC
1e76720f826be161298bdd5f31ebcbe7,https://www.nitromath.com/racer/1e76720f826be161298bdd5f31ebcbe7,Queen Avni,17,233,Nitro Pup,BAG
780b809a2c2059ddd6baaa90fb04432c,https://www.nitromath.com/racer/780b809a2c2059ddd6baaa90fb04432c,Sbc Landon,8,232,2022 Grad,T2WIN
elite_type,https://www.nitromath.com/racer/elite_type,-Squeezy_,9,230,Let's Gooooo!,4MATH
718442f8ce6e6e1cee16f00d0aa2dd2e,https://www.nitromath.com/racer/718442f8ce6e6e1cee16f00d0aa2dd2e,CeruleanGoldLobster,12,230,I Hate Words,SOCER5
bb3396bbd48bf25dc83e800ef3df22d8,https://www.nitromath.com/racer/bb3396bbd48bf25dc83e800ef3df22d8,GreenCrimsonHamster,12,228,The ATM Machine,12312B
w0lfyth3b0ss,https://www.nitromath.com/racer/w0lfyth3b0ss,Im Wolfey Typer,82,228,I Have Fans!,TMS
22db9770babac8ef1ac158147c9ca76f,https://www.nitromath.com/racer/22db9770babac8ef1ac158147c9ca76f,FowwestToes,9,227,The ATM Machine,BOB151
f3455dc19e608e6cf41c0f0232138737,https://www.nitromath.com/racer/f3455dc19e608e6cf41c0f0232138737,here we go again,8,226,Original Gangster,WINNR
832f0c225a97c2aa183369a8cbabd9dc,https://www.nitromath.com/racer/832f0c225a97c2aa183369a8cbabd9dc,Bengoat,12,226,Millionaire,CC
fbcd5671ce44dc7357fb1ae526b7beb6,https://www.nitromath.com/racer/fbcd5671ce44dc7357fb1ae526b7beb6,John cena,10,225,Unda da Sea,KINGS
5a6851bb4cae09d1fe3784e72be50b23,https://www.nitromath.com/racer/5a6851bb4cae09d1fe3784e72be50b23,Ambery,25,224,Big Spender,TOSONT
86342bfd0ca4b7cb886e82dd7dceece8,https://www.nitromath.com/racer/86342bfd0ca4b7cb886e82dd7dceece8,Blitz MP 427,12,222,Lucky Number 7,12312B
e5e1949252ada056006682ea11fc15cd,https://www.nitromath.com/racer/e5e1949252ada056006682ea11fc15cd,PeacefulCyanMite,31,222,Raw Racing Recruit,MATHNL
e72ff111b7b42201f65652be6d3cd76b,https://www.nitromath.com/racer/e72ff111b7b42201f65652be6d3cd76b,Chigiri,9,222,"Yeah, Buoy!",BEAST
lavishjinkertons,https://www.nitromath.com/racer/lavishjinkertons,Lavish Plays,86,219,Ghost Getter,TMS
3f099d96824894dc2368fc3de0b4ce67,https://www.nitromath.com/racer/3f099d96824894dc2368fc3de0b4ce67,Messi 3,14,219,Tilted Typist,TOSONT
ilikeamaya_imfr,https://www.nitromath.com/racer/ilikeamaya_imfr,-_-ace_-gogirl,10,219,Raw Racing Recruit,N8TH
3eee4e1bca85dd452061103316b05d59,https://www.nitromath.com/racer/3eee4e1bca85dd452061103316b05d59,Colton,13,217,Raw Racing Recruit,COBRAS
12ak12ak12,https://www.nitromath.com/racer/12ak12ak12,12ak12ak12,18,217,Raw Racing Recruit,R3M1X
snake856,https://www.nitromath.com/racer/snake856,Snake856,8,215,Keyboard Cat,DM8TE
320917dfde155a633ca07e68626788cb,https://www.nitromath.com/racer/320917dfde155a633ca07e68626788cb,Speed demon,13,215,Pro Pacer,BOB151
9470ee45f54fabefd8c4823b6dff2f6b,https://www.nitromath.com/racer/9470ee45f54fabefd8c4823b6dff2f6b,Savannah,12,212,Millionaire,TOSONT
572f2646c1bf0a04beabd148ec6bec21,https://www.nitromath.com/racer/572f2646c1bf0a04beabd148ec6bec21,OpenGreenTiger,11,212,Raw Racing Recruit,HRX
thisismyusernamemate,https://www.nitromath.com/racer/thisismyusernamemate,Username blank,9,212,Spring-a-round,FASZ
0ecb382fd052de4adc281389878faeb5,https://www.nitromath.com/racer/0ecb382fd052de4adc281389878faeb5,Xx_ROAD TO 20K_xX,10,210,Nitro Rich,DKC
ch12002396,https://www.nitromath.com/racer/ch12002396,-_C4L_-,48,208,Legendary Lapper,J4UP
b2ab7d4e911aca3de52f4279fb0e1cb9,https://www.nitromath.com/racer/b2ab7d4e911aca3de52f4279fb0e1cb9,Lightning Thief,13,206,Nitro Dog,SERVNT
4e99889327ae74fba679fc5dc23dcf57,https://www.nitromath.com/racer/4e99889327ae74fba679fc5dc23dcf57,Coolkittes,15,205,Raw Racing Recruit,81BAG
b7d98e2c0da924145bc9c06a3bc331cb,https://www.nitromath.com/racer/b7d98e2c0da924145bc9c06a3bc331cb,James_reid,10,205,Raw Racing Recruit,NFL
jamaicantheblack,https://www.nitromath.com/racer/jamaicantheblack,jamaicantheblack,11,204,[SKIPWRD],T2WIN
9153d3bb6d896e918dbe6f6d293dc81a,https://www.nitromath.com/racer/9153d3bb6d896e918dbe6f6d293dc81a,DAGOATEDGOAT,10,203,Mystery Man,TMS
glimmeringcrystal,https://www.nitromath.com/racer/glimmeringcrystal,glimmeringcrystal,12,201,Wampus Thwamper,CC
rcr931,https://www.nitromath.com/racer/rcr931,Racer931,9,201,WPM Wonderkid,PNKYPI
93d607c816971d8cffc40bd85fd742ea,https://www.nitromath.com/racer/93d607c816971d8cffc40bd85fd742ea,112MPH,7,201,:D,WMDSM
jarretthendry,https://www.nitromath.com/racer/jarretthendry,J0hn p0rk,9,200,Original Gangster,DRBZZZ
38ba7072d9c70885bfed05be0b102a41,https://www.nitromath.com/racer/38ba7072d9c70885bfed05be0b102a41,Clay racer,11,199,Pro Pacer,ABAMS
61dc73695eef9248ae8bdb79a1dc6c1b,https://www.nitromath.com/racer/61dc73695eef9248ae8bdb79a1dc6c1b,MUSTARRRRRRDDDDDDDD,11,199,I Love Dogs,NFL881
582eddb39858c3f154354877569d6b2b,https://www.nitromath.com/racer/582eddb39858c3f154354877569d6b2b,GGS FOR YOU HEHE,10,198,May The 4th Be With You,TRUST
82695a96d898b195068875da851ea4b8,https://www.nitromath.com/racer/82695a96d898b195068875da851ea4b8,SPEED DF,9,198,Champion Chaser,VZ
crazyb0y,https://www.nitromath.com/racer/crazyb0y,-AtariX-,9,197,:D,TOSONT
8a0e3b6d3a2f370cab84da4b4f8ae5fe,https://www.nitromath.com/racer/8a0e3b6d3a2f370cab84da4b4f8ae5fe,The Cheater27352,12,195,I Hate Words,CC
sudain12,https://www.nitromath.com/racer/sudain12,Mystery Man,11,195,Filthy Rich,GHOSTS
akingofkeys,https://www.nitromath.com/racer/akingofkeys,xX-akingofkeys-Xx,10,194,Nitro Rich,NFL881
7fcb9fe95e6eb6a8d0d741ff9959ce30,https://www.nitromath.com/racer/7fcb9fe95e6eb6a8d0d741ff9959ce30,PERCY JACKSON,12,192,Ace Accelerator,SHIP
257711445f509f6b4101d07e6668385c,https://www.nitromath.com/racer/257711445f509f6b4101d07e6668385c,DK Katakuri,10,191,Drift King,KINGS
0973398b645bc3b800546048968844f3,https://www.nitromath.com/racer/0973398b645bc3b800546048968844f3,good game,8,191,Filthy Rich,X3
arjunkmath5000,https://www.nitromath.com/racer/arjunkmath5000,San Francisco 49ers,11,190,Holiday Hero,49ERSI
insaneplayer6789,https://www.nitromath.com/racer/insaneplayer6789,insaneplayer6789,37,188,Celebrity,FASZ
b3e5379b3747891a99176d5056759e65,https://www.nitromath.com/racer/b3e5379b3747891a99176d5056759e65,CocoKola,12,188,Novice Navigator,SHIP
taa_raz123,https://www.nitromath.com/racer/taa_raz123,taa_raz123,11,187,Encore,LEGOLF
dofrk,https://www.nitromath.com/racer/dofrk,Yung Midas,6,186,Verified YouTuber,NMV
f9ef3c60b99a5461664a47e0a10affd1,https://www.nitromath.com/racer/f9ef3c60b99a5461664a47e0a10affd1,LEBRONDAGOAT,10,186,Pro Pacer,CRAZZZ
68494e72910d20fb29854df2fe1a9efa,https://www.nitromath.com/racer/68494e72910d20fb29854df2fe1a9efa,The Statute of Cool,10,185,Mystery Man,81BAG
4a86de291930c520d1143edf5cc8bd84,https://www.nitromath.com/racer/4a86de291930c520d1143edf5cc8bd84,doggy sylate,9,184,Spring-a-round,KINGH
371caa103c1987d52526c1b6bc132549,https://www.nitromath.com/racer/371caa103c1987d52526c1b6bc132549,Goomba,10,180,The ATM Machine,NMCH12
824fdbee900c0ed17667d01031ef12b2,https://www.nitromath.com/racer/824fdbee900c0ed17667d01031ef12b2,SUB2Realto_playz,9,180,Rudolph Racing,T2WIN
dd0b325c70ee3056d7fd87839a07de9f,https://www.nitromath.com/racer/dd0b325c70ee3056d7fd87839a07de9f,Coolj_theman7YT,9,179,Millionaire,X3
legendt80,https://www.nitromath.com/racer/legendt80,legendt80,14,179,Raw Racing Recruit,4MATH
nitro_scan123,https://www.nitromath.com/racer/nitro_scan123,nitro_scan123,13,178,Olde School,LEGOLF
pontonboat,https://www.nitromath.com/racer/pontonboat,pontonboat,14,177,Nitro Pup,NMCH12
198de6d21bcc21232fa9ef8dbe180c31,https://www.nitromath.com/racer/198de6d21bcc21232fa9ef8dbe180c31,SympatheticAmberPeacock,13,177,Novice Navigator,CC
c0cf74739357d372818a358e790051db,https://www.nitromath.com/racer/c0cf74739357d372818a358e790051db,I LOVE JUSUS,8,177,Ninja,SERVNT
d81e77cf8a7e3c1661cfae51a4460e0c,https://www.nitromath.com/racer/d81e77cf8a7e3c1661cfae51a4460e0c,HappyBeigeChimpanzee,6,175,♪ So Delightful ♪,LEGOLF
dirtypotatochip,https://www.nitromath.com/racer/dirtypotatochip,Error404 Lost Brain,19,175,Legendary Lapper,4MATH
298e1556086abd82ea77544492e02a10,https://www.nitromath.com/racer/298e1556086abd82ea77544492e02a10,awsomekid45,8,175,Potaytoes,CONM
5599784c24ec177bf49614e56ca1b9c9,https://www.nitromath.com/racer/5599784c24ec177bf49614e56ca1b9c9,szatime,12,174,Filthy Rich,CC
ac931a3d47ed0157243c8b6b57f8f187,https://www.nitromath.com/racer/ac931a3d47ed0157243c8b6b57f8f187,sundee,7,174,"Yeah, Buoy!",NTPD1
amethystamongus,https://www.nitromath.com/racer/amethystamongus,Am3thyst,5,171,Breaker of Winds,4MATH
0a333f70dfdc9290f29a6cae2ad336ec,https://www.nitromath.com/racer/0a333f70dfdc9290f29a6cae2ad336ec,ThoughtfulGoldPigeon,15,170,The ATM Machine,DM8TE
e64b0b19300e5462967a2eb4554d6547,https://www.nitromath.com/racer/e64b0b19300e5462967a2eb4554d6547,UNSTOPABLE,11,170,Millionaire,KINGH
monkeydluffy8,https://www.nitromath.com/racer/monkeydluffy8,Hyper Sonic,9,169,Nitro Rich,GHOSTS
tschwartz23,https://www.nitromath.com/racer/tschwartz23,JAKE FROM STATE FARM,8,168,Speedrunner,WL
b533bc432fb19a38729af159dfb7b24f,https://www.nitromath.com/racer/b533bc432fb19a38729af159dfb7b24f,Zelda botw guy,9,167,Millionaire,DORYA
668285d28ea01de2d5979327d63c664c,https://www.nitromath.com/racer/668285d28ea01de2d5979327d63c664c,AwesomeRedBee,12,167,Raw Racing Recruit,CRAZZZ
8y3e8y283yr83yry,https://www.nitromath.com/racer/8y3e8y283yr83yry,averagejoe,9,167,Filthy Rich,TOSONT
interlover2000,https://www.nitromath.com/racer/interlover2000,interlover2000,10,166,Ace Accelerator,SERVNT
99d45bfd295ca6e3842fe3805edc459d,https://www.nitromath.com/racer/99d45bfd295ca6e3842fe3805edc459d,Insert name here,8,166,Raw Racing Recruit,FUS3
04253d8dcffa7ca2b7e757318c6cf484,https://www.nitromath.com/racer/04253d8dcffa7ca2b7e757318c6cf484,Da_goatedplayer,10,165,Potaytoes,ML
marsstar5,https://www.nitromath.com/racer/marsstar5,marsstar5,8,164,Trailblazer,CONM
1b8f556870ff4e8569c76ea6a43c891b,https://www.nitromath.com/racer/1b8f556870ff4e8569c76ea6a43c891b,HelloIamRitho,8,163,Expert Extraordinaire,T2WIN
trungnhan171016,https://www.nitromath.com/racer/trungnhan171016,trungnhan171016,7,163,Wampus Thwamper,CC
08753a7231f28d024e05ba823724a1f1,https://www.nitromath.com/racer/08753a7231f28d024e05ba823724a1f1,perfection,10,162,Olde School,LEGOLF
f693ac52999321b014636aa195e93840,https://www.nitromath.com/racer/f693ac52999321b014636aa195e93840,BreezySapphireTyrannosaurus,18,162,Word Skipper,WOLVEZ
3e8df5083ecec01aea144df651a476f8,https://www.nitromath.com/racer/3e8df5083ecec01aea144df651a476f8,chillman,8,162,Raw Racing Recruit,MATT18
6f648473adc5ad70a880030d4b502874,https://www.nitromath.com/racer/6f648473adc5ad70a880030d4b502874,HarmoniousYellowAardvark,10,162,Filthy Rich,ML
cisco_morgan,https://www.nitromath.com/racer/cisco_morgan,Fire Dragon,14,161,Original Gangster,ALSLUG
i_heartmonkeys,https://www.nitromath.com/racer/i_heartmonkeys,Sub2 da_gymnast onYT,10,159,Sweaty Typer,CC
coolmamate,https://www.nitromath.com/racer/coolmamate,DscoNAT,7,159,Celebrity,ML
068199e3dfe60c7f2e1aed0f187ca2ae,https://www.nitromath.com/racer/068199e3dfe60c7f2e1aed0f187ca2ae,Racer_Acer 6k,8,158,Nitro Pup,FASZ
f61c9bc1818662c812b0d59a4346bc48,https://www.nitromath.com/racer/f61c9bc1818662c812b0d59a4346bc48,Gi Hun,8,156,Epic Nitro User,GHOSTS
9aa2da082ee320ff406f2bd7516cb2c8,https://www.nitromath.com/racer/9aa2da082ee320ff406f2bd7516cb2c8,Sophmore_OnePiece,7,156,Millionaire,NFL
c91fd315ce268a0079cd6e3609c92a07,https://www.nitromath.com/racer/c91fd315ce268a0079cd6e3609c92a07,DAltoN YOder,6,154,Pro Pacer,T2WIN
bex3,https://www.nitromath.com/racer/bex3,⚡️Bex3⚡️,5,154,Competitor Team,NFO
63be6a79e397c7ba2519062094105275,https://www.nitromath.com/racer/63be6a79e397c7ba2519062094105275,brother eu,7,153,Crazy About Typing,LEGOLF
4a76ea6fc991bee6448a50b6dc68c73b,https://www.nitromath.com/racer/4a76ea6fc991bee6448a50b6dc68c73b,DependableTanWoodpecker,8,152,Big Spender,DM8TE
b369749845f51d7b3675238e0157258f,https://www.nitromath.com/racer/b369749845f51d7b3675238e0157258f,Jesus_the_only_way,7,151,Olde School,MATT18
eunseo14,https://www.nitromath.com/racer/eunseo14,CATSSS SEP,6,151,I Love Cats,CONM
8f57be77215c2c751fdbe3fdec931754,https://www.nitromath.com/racer/8f57be77215c2c751fdbe3fdec931754,Chipotle,9,148,I Love Nitros,NFL
c7352dde2f630c827a54abbb1cfc3d50,https://www.nitromath.com/racer/c7352dde2f630c827a54abbb1cfc3d50,LunaLovegood 5thYear,8,148,Holiday Hero,HGWRTS
imbored202,https://www.nitromath.com/racer/imbored202,FireFlash 12k,5,148,Original Gangster,WL
a9b96ce820e98a2882b04d42c38293ca,https://www.nitromath.com/racer/a9b96ce820e98a2882b04d42c38293ca,KASE CHATHAMS,9,147,Lucky Number 7,JDFU
977a1579a4e9c40cbcad7c5211a87561,https://www.nitromath.com/racer/977a1579a4e9c40cbcad7c5211a87561,THE C R A B KING,7,147,Millionaire,TCLIP
eajones44,https://www.nitromath.com/racer/eajones44,McLaren,5,146,Roar to Victory,TOSONT
e1832574405dbda5b27de4f2d8d80003,https://www.nitromath.com/racer/e1832574405dbda5b27de4f2d8d80003,brashkaloko,12,145,I Love Dogs,MATHNL
henryiscool34,https://www.nitromath.com/racer/henryiscool34,henryiscool34,6,145,Raw Racing Recruit,KINGH
227825a48208fc9d6c45b720aad93c6c,https://www.nitromath.com/racer/227825a48208fc9d6c45b720aad93c6c,random car,8,145,Mystery Man,JLFU
agentdevo,https://www.nitromath.com/racer/agentdevo,Agent Devo,4,141,Aquarian Conqueror,A3
8b8e3b10c6977f63de3316f7eb4cc53b,https://www.nitromath.com/racer/8b8e3b10c6977f63de3316f7eb4cc53b,PositiveAzureCat,7,139,Mystery Man,12312B
b5c34577acd700ca8d27a2fb56633850,https://www.nitromath.com/racer/b5c34577acd700ca8d27a2fb56633850,Daniel and kason,8,139,Learner Leader,SERVNT
binothing,https://www.nitromath.com/racer/binothing,South Carolina,55,137,Yo,TMS
tlittleblack,https://www.nitromath.com/racer/tlittleblack,LOVEtoTYPE,6,135,Expert Extraordinaire,CONM
7bf01d4e8f849bb804b999def5ab0ab7,https://www.nitromath.com/racer/7bf01d4e8f849bb804b999def5ab0ab7,Zen Cloud9,5,133,Nitro Burnout,CRAZZZ
ea8fbc09a18b12cabf5334c15887e429,https://www.nitromath.com/racer/ea8fbc09a18b12cabf5334c15887e429,JovialPeachLemur,7,132,Keyboard Smasher,FUS3
6e7a992cf6c12d214a62c50e784204e7,https://www.nitromath.com/racer/6e7a992cf6c12d214a62c50e784204e7,graape,6,132,Original Gangster,TOSONT
ce08fdb6db7b2062b239bff404ad5faa,https://www.nitromath.com/racer/ce08fdb6db7b2062b239bff404ad5faa,H_A_L_,7,132,Number Cruncher,TOSONT
74a9f8ca829995406587740f091a1ad0,https://www.nitromath.com/racer/74a9f8ca829995406587740f091a1ad0,pro boy,12,131,Wampus Thwamper,SHIP
e4d463230796d2ca3fd52a9783f82924,https://www.nitromath.com/racer/e4d463230796d2ca3fd52a9783f82924,CrimsonCoffeeAlbatross,5,131,Raw Racing Recruit,TCLIP
metaquestoculus,https://www.nitromath.com/racer/metaquestoculus,itsybitsyspyder,5,130,May The 4th Be With You,X3
hmrox,https://www.nitromath.com/racer/hmrox,NT Queen,6,129,Backseat Driver,ZWINNA
pizzanyn2,https://www.nitromath.com/racer/pizzanyn2,,7,128,Keyboard Cat,LEGOLF
de8e9e7538feaa81099ac8e3b34402df,https://www.nitromath.com/racer/de8e9e7538feaa81099ac8e3b34402df,Barou the king,7,127,Champion Chaser,W2V
brianr7111,https://www.nitromath.com/racer/brianr7111,i join team for 50m,6,127,Spring-a-round,EASTER
e681df36a9bf01c4f2b564d32e74f3c5,https://www.nitromath.com/racer/e681df36a9bf01c4f2b564d32e74f3c5,dontplaywithsophia,7,127,Santa’s Lil’ Helper,TCLIP
a215e64f948b575799154ff73dd2504a,https://www.nitromath.com/racer/a215e64f948b575799154ff73dd2504a,HIIIIII,6,127,:D,TOSONT
ilovecats2323,https://www.nitromath.com/racer/ilovecats2323,I am cool,5,125,Sweaty Typer,WMDSM
tjhracer10,https://www.nitromath.com/racer/tjhracer10,tjhracer10,6,125,Clutch Typer,MATH
ksixone,https://www.nitromath.com/racer/ksixone,",_,WR,_,",7,125,The Diamond Racer,MATH
togood2134,https://www.nitromath.com/racer/togood2134,GABE the man,9,124,Olde School,12312B
9172e7e5feef943fc9244602e2da7025,https://www.nitromath.com/racer/9172e7e5feef943fc9244602e2da7025,CGmando9017,5,124,Champion Chaser,TOSONT
yeasyis,https://www.nitromath.com/racer/yeasyis,Typist_Icy,7,123,Bubbly!,OT
596da776e0a317f5425f4df21049a954,https://www.nitromath.com/racer/596da776e0a317f5425f4df21049a954,Jaxon The,6,123,Filthy Rich,SHIP
nkan8844,https://www.nitromath.com/racer/nkan8844,nkan8844,8,121,Yo,NITR0
7622fdae06340fe8c931952ea9d1f31b,https://www.nitromath.com/racer/7622fdae06340fe8c931952ea9d1f31b,Cheap pickle,6,121,Wampus Patrol,X3
4c4815d408e52ca9ab6ebc137320caad,https://www.nitromath.com/racer/4c4815d408e52ca9ab6ebc137320caad,Tubers93,5,121,:D,N8TH
splashlearn,https://www.nitromath.com/racer/splashlearn,Golden -Road to 10k-,5,120,Solid Gold,NITR0
e1fad2d91983a6ae94a035b58a24bd2d,https://www.nitromath.com/racer/e1fad2d91983a6ae94a035b58a24bd2d,Dreamwavy amogus,9,119,Millionaire,PUPBY
1ab42b8b260f5d0260cb803fe4ff2e46,https://www.nitromath.com/racer/1ab42b8b260f5d0260cb803fe4ff2e46,JustSammy,4,116,Millionaire,NMCH12
outlaw2001,https://www.nitromath.com/racer/outlaw2001,outlaw2001,5,115,Pumpkin Peddler,BOB151
hesbomb,https://www.nitromath.com/racer/hesbomb,hesbomb,5,114,I Love Cats,TOSONT
zl4982,https://www.nitromath.com/racer/zl4982,afk_typist,3,114,Hot Hot Hot!,X3
790f84c5f994d6c890bdc00ac2845dc5,https://www.nitromath.com/racer/790f84c5f994d6c890bdc00ac2845dc5,Julius chaeser,6,114,Novice Navigator,81BAG
4c28f74c9a3ba231a17b6518c74acfd1,https://www.nitromath.com/racer/4c28f74c9a3ba231a17b6518c74acfd1,PatientBrownMinnow,7,113,Original Gangster,DKC
4def3df3a6fa337e355e75b0ec0bb54f,https://www.nitromath.com/racer/4def3df3a6fa337e355e75b0ec0bb54f,eminim,9,113,Filthy Rich,BAG
dd12293da7657ba8c21138dcd0974816,https://www.nitromath.com/racer/dd12293da7657ba8c21138dcd0974816,Me is good,5,112,Olde School,X3
kq2786,https://www.nitromath.com/racer/kq2786,..KQ..,5,111,Master Motorist,FASZ
5744205a108b10b51b867a5f52df7586,https://www.nitromath.com/racer/5744205a108b10b51b867a5f52df7586,IheartAsher,6,111,Raw Racing Recruit,NFL881
theracer158,https://www.nitromath.com/racer/theracer158,theracer158,6,111,Filthy Rich,DM8TE
f0212698417a02cf0b3ba38ab187c6ea,https://www.nitromath.com/racer/f0212698417a02cf0b3ba38ab187c6ea,EnthusiasticJadeEel,7,110,Raw Racing Recruit,T2WIN
dffd922d38cfc6264861ad3cc83baa14,https://www.nitromath.com/racer/dffd922d38cfc6264861ad3cc83baa14,Dk Metcalf,7,108,Millionaire,ML
097ae5bfec64d40f00d5afd47c9f0905,https://www.nitromath.com/racer/097ae5bfec64d40f00d5afd47c9f0905,cooole,5,107,Raw Racing Recruit,GOAT
b9664dc1eb0c66196251afb56619cd70,https://www.nitromath.com/racer/b9664dc1eb0c66196251afb56619cd70,TXT-MOST3R,5,107,WPM Wonderkid,FASZ
adriancr17,https://www.nitromath.com/racer/adriancr17,-_RELIC_-,5,107,Taco Lover,CRAZZZ
31f55dc0e48055a6bd85b11b2a12ac35,https://www.nitromath.com/racer/31f55dc0e48055a6bd85b11b2a12ac35,Timmy wimpy,5,106,Raw Racing Recruit,BOB151
8b55f2f234cacb977a08812f8844cca8,https://www.nitromath.com/racer/8b55f2f234cacb977a08812f8844cca8,HwangHyunjinSKZ,14,106,Raw Racing Recruit,MATHNL
8d5d62401081e79b6f69fb69edfc2c25,https://www.nitromath.com/racer/8d5d62401081e79b6f69fb69edfc2c25,whatUp,4,105,[SKIPWRD],CRAZZZ
cc540f1294b8e8533b9ee689b78cc599,https://www.nitromath.com/racer/cc540f1294b8e8533b9ee689b78cc599,VOID_SABO,7,104,Gear Grinder,TOSONT
ucrow4,https://www.nitromath.com/racer/ucrow4,Asher Armstrong,3,104,Yo,HGWRTS
hacamoomoo,https://www.nitromath.com/racer/hacamoomoo,bobby,9,104,Keyboard Cat,4MATH
makhithompson,https://www.nitromath.com/racer/makhithompson,makhithompson,8,104,Raw Racing Recruit,LGCS
lvtully12,https://www.nitromath.com/racer/lvtully12,lvtully12,5,103,Raw Racing Recruit,1LWS
teddy_muscles,https://www.nitromath.com/racer/teddy_muscles,GODisGREATT,4,103,2icy4u,JDFU
big_melody,https://www.nitromath.com/racer/big_melody,BigMelody,4,103,Operation: Typing,PNKYPI
9d5fe38828f60c2a4705921c5ac28a09,https://www.nitromath.com/racer/9d5fe38828f60c2a4705921c5ac28a09,RacingkingJebin1400,8,101,Expert Extraordinaire,TOSONT
aa2bac0ad58e38f768c761cb94252e80,https://www.nitromath.com/racer/aa2bac0ad58e38f768c761cb94252e80,kash mccowan,7,101,Mystery Man,BAG
c6c6878cd9d7cd852aae2c58b239f740,https://www.nitromath.com/racer/c6c6878cd9d7cd852aae2c58b239f740,TBNRimposter,4,101,The ATM Machine,PUPBY
psnoeth,https://www.nitromath.com/racer/psnoeth,#1bigbro_of_bigfam,4,99,Unstoppable,JLFU
81bfd3d649ae11c15faf1bd38a2cb05a,https://www.nitromath.com/racer/81bfd3d649ae11c15faf1bd38a2cb05a,james toney,6,99,Millionaire,BAG
iamhim670605,https://www.nitromath.com/racer/iamhim670605,BlueFlash,5,98,Trailblazer,JSTW
7a5b468378e3d9d4fc8e10a736cfd448,https://www.nitromath.com/racer/7a5b468378e3d9d4fc8e10a736cfd448,Baby Lorax,5,97,I Have Fans!,81BAG
logew,https://www.nitromath.com/racer/logew,PrinceWarrior,18,97,Solid Gold,WL
tongrgs,https://www.nitromath.com/racer/tongrgs,tongrgs ki-61 hein,5,96,Drift King,EASTER
66b5f3802b66f02f5ab5f11e8c14043e,https://www.nitromath.com/racer/66b5f3802b66f02f5ab5f11e8c14043e,W8V3 TIDE,6,95,Overdrive,NMV
9d57dbbc375c84d56cfd98e6dd960c12,https://www.nitromath.com/racer/9d57dbbc375c84d56cfd98e6dd960c12,HEEEEEEEEEEEEEEEEEEE,5,94,I Love Dogs,CC
44404e2f6e994f7f586cb1dc96ac7e5f,https://www.nitromath.com/racer/44404e2f6e994f7f586cb1dc96ac7e5f,hihihihih,6,94,Santa’s Lil’ Helper,COBRAS
24d63c51b011cca011089cb8640e6991,https://www.nitromath.com/racer/24d63c51b011cca011089cb8640e6991,David 2015,5,93,Loco Motive,OT
xxbettrdenuxx,https://www.nitromath.com/racer/xxbettrdenuxx,xxbettrdenuxx,4,92,Wampus Thwamper,CC
666387557665b11c0dfb9efd102c70d9,https://www.nitromath.com/racer/666387557665b11c0dfb9efd102c70d9,"IT,S BIG SPENDER",7,92,Big Spender,A3
ccssfriendly,https://www.nitromath.com/racer/ccssfriendly,Michal,4,91,Rudolph Racing,TOSONT
needfourlead,https://www.nitromath.com/racer/needfourlead,needfourlead,6,91,Tilted Typist,WMDSM
59c53cc8f0cb37339817df03096dc3a1,https://www.nitromath.com/racer/59c53cc8f0cb37339817df03096dc3a1,Road to 10k,4,90,Novice Navigator,NITR0
myoldricketycar,https://www.nitromath.com/racer/myoldricketycar,my old rickety car,4,90,Breaker of Winds,GOLD
6792d04a7b974e748e5950f261318b19,https://www.nitromath.com/racer/6792d04a7b974e748e5950f261318b19,the cooker,5,90,Yuletide Spirit,ALSLUG
e6ae3c5300cb64ddc0c7aa1b05efae1b,https://www.nitromath.com/racer/e6ae3c5300cb64ddc0c7aa1b05efae1b,Capybara,7,89,Big Spender,PUPBY
t3xbeluga,https://www.nitromath.com/racer/t3xbeluga,TTV_Beluga,4,89,NITRO.EXE,TRUST
7047d6b525721e94bfa919267cb19d41,https://www.nitromath.com/racer/7047d6b525721e94bfa919267cb19d41,wolf master,7,88,Raw Racing Recruit,SOCER5
ucrow3,https://www.nitromath.com/racer/ucrow3,Sultan,3,88,404 Not Found,HGWRTS
1ndonlyjb,https://www.nitromath.com/racer/1ndonlyjb,1ndonlyjb,4,87,Mystery Man,FASZ
79e3c3c2ba31c7be17cb84a01de98aef,https://www.nitromath.com/racer/79e3c3c2ba31c7be17cb84a01de98aef,HarmonicIndigoCapybara,5,86,"Yeah, Buoy!",NMCH12
93b9094dbff7c379e54856ab31ab894d,https://www.nitromath.com/racer/93b9094dbff7c379e54856ab31ab894d,BANANA,5,85,Millionaire,FUS3
75f33844d6f0745c1a2b1a6f9bb20cd9,https://www.nitromath.com/racer/75f33844d6f0745c1a2b1a6f9bb20cd9,Dabira1234,4,84,[SKIPWRD],TOSONT
6d9c133c817a330ebd79274313b19938,https://www.nitromath.com/racer/6d9c133c817a330ebd79274313b19938,Gegagegigegagegago,5,84,Ace Accelerator,NFL881
jdixo6,https://www.nitromath.com/racer/jdixo6,jdixo6,4,83,Raw Racing Recruit,T2WIN
adamw10436,https://www.nitromath.com/racer/adamw10436,i love fortnite,4,81,Spring-a-round,CC
convrrse,https://www.nitromath.com/racer/convrrse,c                                                 ,10,81,Bubbly!,CC
0d082e3a0c3e394155f75ff430dfee0f,https://www.nitromath.com/racer/0d082e3a0c3e394155f75ff430dfee0f,Monsterboy57,4,81,Filthy Rich,RISE
7fbc322d2900860ee716f94b55c93261,https://www.nitromath.com/racer/7fbc322d2900860ee716f94b55c93261,28748294994777202794,4,81,Olde School,GOAT
vintonm,https://www.nitromath.com/racer/vintonm,Janner-19K,4,81,Just Roll With It,PNKYPI
jaja2times6,https://www.nitromath.com/racer/jaja2times6,- mr fish -,6,80,[SKIPWRD],CONM
e487de2c27a719558a65f75892c5ae32,https://www.nitromath.com/racer/e487de2c27a719558a65f75892c5ae32,QuietIvoryMacaw,9,80,The ATM Machine,ML
minecraft987654321,https://www.nitromath.com/racer/minecraft987654321,COLD KING,4,78,I Love Cats,TEDDY
bca45ffba37b3227e4f20a9d9c42ddf4,https://www.nitromath.com/racer/bca45ffba37b3227e4f20a9d9c42ddf4,folly-eternal limbo,4,78,Spring-a-round,VZ
3c076663cffe78cf9d44cd334338f21c,https://www.nitromath.com/racer/3c076663cffe78cf9d44cd334338f21c,Nitroking,5,78,Nitro Burnout,BOB151
a3d60888eee26810203da44693a673c1,https://www.nitromath.com/racer/a3d60888eee26810203da44693a673c1,Tigers Lions Lover1,5,77,Champion Chaser,1LWS
ihsans,https://www.nitromath.com/racer/ihsans,ihsans,4,76,Pro Pacer,49ERSI
symphonicorchestra,https://www.nitromath.com/racer/symphonicorchestra,Storm Stinger,3,76,Spring-a-round,X3
biblepuppy5000,https://www.nitromath.com/racer/biblepuppy5000,big b1ue,3,76,Champion Chaser,WL
nateb3a,https://www.nitromath.com/racer/nateb3a,pinkflxwers,2,76,WPM Wonderkid,OT
f98269bc62940a03c08127de89d2c122,https://www.nitromath.com/racer/f98269bc62940a03c08127de89d2c122,AustinS,3,76,Yo,DKC
damionclarkdj,https://www.nitromath.com/racer/damionclarkdj,dark_god21,4,76,Phantom Fingers,ERICK
03f89434078f8b565b7a1c77da7fe3e3,https://www.nitromath.com/racer/03f89434078f8b565b7a1c77da7fe3e3,TactfulScarletMouse,7,75,Rookie Racer,NITR0
5d4c915091546baee60aac116834214c,https://www.nitromath.com/racer/5d4c915091546baee60aac116834214c,cameronl,6,75,[SKIPWRD],TCLIP
pheobebadatclarinet,https://www.nitromath.com/racer/pheobebadatclarinet,PengwinBoy,3,73,Title Collector,R3M1X
5uperhotdog,https://www.nitromath.com/racer/5uperhotdog,6-7 6-7 6-7 6-7,3,73,Elf-Taught Typist,KINGH
770263b7969a97c0b14c1eadd0507b51,https://www.nitromath.com/racer/770263b7969a97c0b14c1eadd0507b51,--Emma--,3,73,May The 4th Be With You,COBRAS
blitz_error_error,https://www.nitromath.com/racer/blitz_error_error,UnpretentiousCrimsonKoi,3,72,Shattered,FASZ
1b7b1d09b2e156eb5c89d98a87b5a933,https://www.nitromath.com/racer/1b7b1d09b2e156eb5c89d98a87b5a933,YT_CLTCH_CLAN_SUB,3,72,"Yeah, Buoy!",GRIFF
7ca7a949a41ec6c4591d33e060b273c8,https://www.nitromath.com/racer/7ca7a949a41ec6c4591d33e060b273c8,Preppy Mama Lorax,6,71,Raw Racing Recruit,81BAG
saxaphonebro3,https://www.nitromath.com/racer/saxaphonebro3,saxaphonebro3,5,71,Raw Racing Recruit,TMS
joelth,https://www.nitromath.com/racer/joelth,King_DarkBlueRacer,3,71,2024 Grad,SAVVEE
wwwrovers23,https://www.nitromath.com/racer/wwwrovers23,STORM23,4,71,Santa’s Lil’ Helper,CC
rehfelde,https://www.nitromath.com/racer/rehfelde,Jesus Is Lord,4,70,My Popsicle Melted,SERVNT
f0d99e9a31d97230fade62e6b18fec3b,https://www.nitromath.com/racer/f0d99e9a31d97230fade62e6b18fec3b,uuuuu brather,3,70,I Hate Words,PUPBY
298b76758d91fffc6cb03e3437b99c77,https://www.nitromath.com/racer/298b76758d91fffc6cb03e3437b99c77,lebonbon,3,69,I Love Dogs,NFL
2bc32a2adc307c9b0f44938a676c65d5,https://www.nitromath.com/racer/2bc32a2adc307c9b0f44938a676c65d5,-JoinTeamCO0KS-,3,69,Keyboard Cat,SERVNT
yoshiiscoolsoyeah,https://www.nitromath.com/racer/yoshiiscoolsoyeah,morey_,2,69,Nitro Rich,MATH
0bf9fe2c49a129600cdf8f31325488c1,https://www.nitromath.com/racer/0bf9fe2c49a129600cdf8f31325488c1,christian1212,5,68,Raw Racing Recruit,JE4US
0c3b42310ed68031217315a33604304f,https://www.nitromath.com/racer/0c3b42310ed68031217315a33604304f,Boi_friggin_tuff,4,68,Ace Accelerator,SERVNT
9e52dafdde577e4563a8d1be3454a415,https://www.nitromath.com/racer/9e52dafdde577e4563a8d1be3454a415,Jedi Link,5,68,Big Spender,TOSONT
708f99c66eb82831000d9fe17fb55ef9,https://www.nitromath.com/racer/708f99c66eb82831000d9fe17fb55ef9,I AM COOL,3,66,Ray of Sunshine,ZWINNA
hahahaimthewinner,https://www.nitromath.com/racer/hahahaimthewinner,Im the Star,3,66,Millionaire,GRIFF
79f38a2e62f0afd64975674ed87c754c,https://www.nitromath.com/racer/79f38a2e62f0afd64975674ed87c754c,Bro yo,4,66,The ATM Machine,81BAG
467e7a9933ca08c4db1671316c5f5d00,https://www.nitromath.com/racer/467e7a9933ca08c4db1671316c5f5d00,S1l3NT J13,3,65,Mystery Man,T2WIN
cb7fa5b22a6be2e9005b5e401f1789e8,https://www.nitromath.com/racer/cb7fa5b22a6be2e9005b5e401f1789e8,loganhockey27,3,65,[SKIPWRD],TMS
b5d2a52cf82cbf6341a55c14139cd675,https://www.nitromath.com/racer/b5d2a52cf82cbf6341a55c14139cd675,grimalkin,7,65,Crazy About Typing,ML
542c9a3f70fb38befd252485a4633c4a,https://www.nitromath.com/racer/542c9a3f70fb38befd252485a4633c4a,River_Imonly10,3,65,Potaytoes,TMS
levimaturin,https://www.nitromath.com/racer/levimaturin,I am fast,4,65,The ATM Machine,BEAST
aceb10e6158120e35fc3af5fce35677c,https://www.nitromath.com/racer/aceb10e6158120e35fc3af5fce35677c,Takumi F,4,64,Not a Bot,BOB151
8bad1352e9bcdcdf248d60652d82f153,https://www.nitromath.com/racer/8bad1352e9bcdcdf248d60652d82f153,JV hihi,3,63,Yuletide Spirit,CRAZZZ
2c1e2f2df8c3cdb6262a9a79e42b59d9,https://www.nitromath.com/racer/2c1e2f2df8c3cdb6262a9a79e42b59d9,Sriyansh the Viper,4,63,Millionaire,CC
jbubba12,https://www.nitromath.com/racer/jbubba12,King_Josiah,2,62,404 Not Found,TRUST
abiednen,https://www.nitromath.com/racer/abiednen,abiednen,6,61,Raw Racing Recruit,TOSONT
brett2285,https://www.nitromath.com/racer/brett2285,CATS-R-CUTE,3,60,I Love Cats,CONM
afef4cd15d6c0d6cfcc809ce74ab31ae,https://www.nitromath.com/racer/afef4cd15d6c0d6cfcc809ce74ab31ae,WILLIE DA GOAT,4,60,The ATM Machine,AMATHB
6c86012972d7c64e4aecfd798a734050,https://www.nitromath.com/racer/6c86012972d7c64e4aecfd798a734050,Soccerstar,4,60,Raw Racing Recruit,DORYA
e91bca607f86ff3d659315f5ac4c5c9b,https://www.nitromath.com/racer/e91bca607f86ff3d659315f5ac4c5c9b,ModestOliveLark,10,60,Raw Racing Recruit,PUPBY
c3072736c2f262c699f310cf636c2333,https://www.nitromath.com/racer/c3072736c2f262c699f310cf636c2333,itachi,3,59,I Hate Words,KINGH
fibberish,https://www.nitromath.com/racer/fibberish,Fibberish,3,59,Yo,BAG
430dbda016d518bd319459c85c4a8be6,https://www.nitromath.com/racer/430dbda016d518bd319459c85c4a8be6,Reaper King JJ S,3,59,Speed Demon,VZ
f9471f9b5bae643c71f778144a438fcc,https://www.nitromath.com/racer/f9471f9b5bae643c71f778144a438fcc,imperium god,3,58,I Hate Words,ZOOM
cb35d82b488cc473aa83b1c2b429fde4,https://www.nitromath.com/racer/cb35d82b488cc473aa83b1c2b429fde4,HORSE LOVER 1,5,55,Yo,COBRAS
bf59c2f71fa287beeac75691aa3c207f,https://www.nitromath.com/racer/bf59c2f71fa287beeac75691aa3c207f,gold fish,3,55,Sweaty Typer,EVSC
6148d2ec5fbfb8916b8f854848b634be,https://www.nitromath.com/racer/6148d2ec5fbfb8916b8f854848b634be,F-14 Tomcat,4,55,Sweaty Typer,TOSONT
luna2028,https://www.nitromath.com/racer/luna2028,Luna2028,4,55,Filthy Rich,CONM
nothisisjean,https://www.nitromath.com/racer/nothisisjean,NoThisIsJeanTyperYT,2,55,BOOM!,NFO
daisyflower102,https://www.nitromath.com/racer/daisyflower102,Jesus loves you6k,2,54,Fast and Flora,JDFU
3175822beee95a81d81339cd6ff51769,https://www.nitromath.com/racer/3175822beee95a81d81339cd6ff51769,RespectfulAmethystCentipede,4,54,Valentypist,HRX
velvetthefish,https://www.nitromath.com/racer/velvetthefish,StellarTanHamster,5,53,Nitro Pup,CONM
6374c25d686751b7267b31c3e0e30a8e,https://www.nitromath.com/racer/6374c25d686751b7267b31c3e0e30a8e,GraciousGreenStarfish,3,52,Auto Avenger,CC
imhim2343,https://www.nitromath.com/racer/imhim2343,BTA-_-,3,52,:D,SHIP
3aa4f2d83476098098c666ed0b6972c2,https://www.nitromath.com/racer/3aa4f2d83476098098c666ed0b6972c2,not Evan,3,52,Yuletide Spirit,BEAST
33sandbox33,https://www.nitromath.com/racer/33sandbox33,33sandbox33,6,51,Legendary Lapper,GOLD55
the_fastest_boiii,https://www.nitromath.com/racer/the_fastest_boiii,the_fastest_boiii,3,50,Wampus Thwamper,JLFU
c26b5b6f04332f0dfcc673630e71e24b,https://www.nitromath.com/racer/c26b5b6f04332f0dfcc673630e71e24b,Grace_E,3,50,Nitro Burnout,BEAST
35cc93c4623608c8e1d4a62507b97ab2,https://www.nitromath.com/racer/35cc93c4623608c8e1d4a62507b97ab2,I LOVE JESUS AMEN,4,50,Legendary Lapper,JDFU
abb88d458ec407f2d2427124a42173b2,https://www.nitromath.com/racer/abb88d458ec407f2d2427124a42173b2,PUPBY OLIVIA K,3,50,Olde School,PUPBY
4d3d29a4fb43a819e98f1a19ef09be49,https://www.nitromath.com/racer/4d3d29a4fb43a819e98f1a19ef09be49,lovely,3,49,[SKIPWRD],81BAG
thebesttrev,https://www.nitromath.com/racer/thebesttrev,ThebestTrevv,5,49,Raw Racing Recruit,KINGH
nullified1,https://www.nitromath.com/racer/nullified1,Nullified-Racer,3,48,Yo,TOSONT
82d99b12f34636f93ce2a484d1a5d73b,https://www.nitromath.com/racer/82d99b12f34636f93ce2a484d1a5d73b,HopefulAquaFerret,5,48,Raw Racing Recruit,4MATH
fedf1fd294b40a75c107c5a0dc5c95e3,https://www.nitromath.com/racer/fedf1fd294b40a75c107c5a0dc5c95e3,Concon,3,48,Raw Racing Recruit,COBRAS
2c6f6f1e7e2b6055f2e621f646d1839e,https://www.nitromath.com/racer/2c6f6f1e7e2b6055f2e621f646d1839e,RAEGAN SLAYS ALL DAY,3,47,Unda da Sea,81BAG
1f5ff66f165566fb812e705aab09588a,https://www.nitromath.com/racer/1f5ff66f165566fb812e705aab09588a,ty1234875fortnite,2,47,I Love Nitros,T2WIN
kiyanuk,https://www.nitromath.com/racer/kiyanuk,lo-olkiyanu,3,47,Original Gangster,TOSONT
cfbf9f68c459bcb097a75d811576d8dc,https://www.nitromath.com/racer/cfbf9f68c459bcb097a75d811576d8dc,Levi B is Messi,2,47,Original Gangster,ERICK
0e8e2166729c8241df577c1ad26b83eb,https://www.nitromath.com/racer/0e8e2166729c8241df577c1ad26b83eb,Brycelovescocomelon,2,46,The ATM Machine,GOAT
zacharyandriyovicham,https://www.nitromath.com/racer/zacharyandriyovicham,Headin For NM LEGEND,2,46,Bushwacker,ZOOM
2960d6b05b16fe8a08ef27c028c26dfb,https://www.nitromath.com/racer/2960d6b05b16fe8a08ef27c028c26dfb,I SAYS OPEN SESAME,2,46,Pro Pacer,SOCER5
isthatinternet,https://www.nitromath.com/racer/isthatinternet,1                                                 ,18,46,Raw Racing Recruit,IM2
7830871,https://www.nitromath.com/racer/7830871,HugATurtle,3,46,Millionaire,SHIP
cheetah923,https://www.nitromath.com/racer/cheetah923,G_rant3,10,45,Drift King,DKC
mynamenvm,https://www.nitromath.com/racer/mynamenvm,mynamenvm,4,45,Raw Racing Recruit,4MATH
8e438d8a5a1e84c797842e631f1d6a84,https://www.nitromath.com/racer/8e438d8a5a1e84c797842e631f1d6a84,Tigers are the best,3,45,Catty Wampus,HRX
pilot246,https://www.nitromath.com/racer/pilot246,Agent pilot246,2,45,Secret Agent,JSTW
1411762a35ea2be12e26295d447545fe,https://www.nitromath.com/racer/1411762a35ea2be12e26295d447545fe,BARNEY DA DINOSAUR,3,45,Rudolph Racing,NFL
07210f4af5574983463a7bcafb93817f,https://www.nitromath.com/racer/07210f4af5574983463a7bcafb93817f,Please send nitro ca,3,45,Raw Racing Recruit,CC
431979,https://www.nitromath.com/racer/431979,SereneOliveGerbil,4,45,Speed Demon,MATT18
a3826059777f13e18fb098d790d77597,https://www.nitromath.com/racer/a3826059777f13e18fb098d790d77597,thefirst,2,44,Filthy Rich,JLFU
a85b6b60f7b36dafa89d3631fa24d987,https://www.nitromath.com/racer/a85b6b60f7b36dafa89d3631fa24d987,general RAM-Z,2,44,I Love Dogs,NMCH12
7d6be606218f0b4d787c0ae9af5d6f6f,https://www.nitromath.com/racer/7d6be606218f0b4d787c0ae9af5d6f6f,54545454545545454545,2,43,Ace Accelerator,81BAG
kingfortnit3,https://www.nitromath.com/racer/kingfortnit3,DINO-MITE,2,43,League Champion,DKC
schwee104,https://www.nitromath.com/racer/schwee104,EliteMaroonCat,2,43,Raw Racing Recruit,TCLIP
7bf55ba4435784292edf65a9ba434123,https://www.nitromath.com/racer/7bf55ba4435784292edf65a9ba434123,Baby grinch,3,43,"Peace, Love, Nitros",81BAG
74e6a5df59d0a1972520329169e86169,https://www.nitromath.com/racer/74e6a5df59d0a1972520329169e86169,Feddy_Whopper2025,2,42,Master Motorist,TCLIP
123caiden,https://www.nitromath.com/racer/123caiden,123caiden,4,42,Raw Racing Recruit,TOSONT
5c860294138d2a168467786bda5f699b,https://www.nitromath.com/racer/5c860294138d2a168467786bda5f699b,Me Monster,2,42,I Love Nitros,NMCH12
1boy123boy1,https://www.nitromath.com/racer/1boy123boy1,just a chill guy,2,41,Pro Pacer,BEAST
jamesespo,https://www.nitromath.com/racer/jamesespo,Pls donate,2,40,Nitro Rich,J4UP
lazarbeam404,https://www.nitromath.com/racer/lazarbeam404,Lavish X Mateo,19,40,Speed Scholar,TMS
c50b33ed81f55f8396b2be62a152859c,https://www.nitromath.com/racer/c50b33ed81f55f8396b2be62a152859c,shinji oioioioi,2,40,"Peace, Love, Nitros",PUPBY
yousifaj,https://www.nitromath.com/racer/yousifaj,YousifAY,2,39,I Love Cats,JLFU
havenstedfasted,https://www.nitromath.com/racer/havenstedfasted,I need nitro gold,2,39,The ATM Machine,FASZ
icravenutrients,https://www.nitromath.com/racer/icravenutrients,icravenutrients,2,38,Raw Racing Recruit,DORYA
7180d7d046b2b741d003feb7b6e8ea7e,https://www.nitromath.com/racer/7180d7d046b2b741d003feb7b6e8ea7e,hagger,5,37,Raw Racing Recruit,TMS
26d1496112442a6d405ee1b7277f1297,https://www.nitromath.com/racer/26d1496112442a6d405ee1b7277f1297,Reeves Kathern,4,37,First Trimester,GOLD55
9ede84c442ecefc5c93d3277cc1c8252,https://www.nitromath.com/racer/9ede84c442ecefc5c93d3277cc1c8252,The_Wampos,3,37,Filthy Rich,GRIFF
rblx_tsb,https://www.nitromath.com/racer/rblx_tsb,rblx_tsb,2,37,Expert Extraordinaire,GOLD55
4aae28e334dc4e548ccc19e164f42bc4,https://www.nitromath.com/racer/4aae28e334dc4e548ccc19e164f42bc4,DistanceDetective,2,37,Raw Racing Recruit,HRX
hairydogfirstplace11,https://www.nitromath.com/racer/hairydogfirstplace11,hairydogfirstplace11,3,36,Raw Racing Recruit,TOSONT
americanproud1776,https://www.nitromath.com/racer/americanproud1776,Slice of Awesome,2,36,Not a Bot,X3
d98bcec775f2d879b6a8eecabe43f1a3,https://www.nitromath.com/racer/d98bcec775f2d879b6a8eecabe43f1a3,SillyAmethystSquid,3,36,Wampus Thwamper,SERVNT
f99d44f2550fdb2935b3a3c3029b8444,https://www.nitromath.com/racer/f99d44f2550fdb2935b3a3c3029b8444,2Slow4Race_alt,2,34,Sea Student,MATHNL
79c8cbff032696c67e9e88d86c5d1bee,https://www.nitromath.com/racer/79c8cbff032696c67e9e88d86c5d1bee,misses and CR7,4,34,Millionaire,SERVNT
c1c4c58f34e80cf5557d0e094fba8106,https://www.nitromath.com/racer/c1c4c58f34e80cf5557d0e094fba8106,super fast racer,2,34,Fleet Admiral,GOLD55
766c81a2275e16a13d662ebcea0d83f8,https://www.nitromath.com/racer/766c81a2275e16a13d662ebcea0d83f8,champoin guy,2,34,Pro Pacer,EASTER
040e639bb87a638340b25c0c9a3f608e,https://www.nitromath.com/racer/040e639bb87a638340b25c0c9a3f608e,DJ The Goat,2,33,Millionaire,T2WIN
432026e5580d487542cfaf60476d7efc,https://www.nitromath.com/racer/432026e5580d487542cfaf60476d7efc,Ba Ba king koopa,2,33,Unda da Sea,BEAST
3a69ada2b5a93da052b34e37a50e3338,https://www.nitromath.com/racer/3a69ada2b5a93da052b34e37a50e3338,Taco Turtle,3,33,Raw Racing Recruit,CONM
1234nico7,https://www.nitromath.com/racer/1234nico7,Glory to God,2,32,Nitro Burnout,BAG
ethanzhuang,https://www.nitromath.com/racer/ethanzhuang,Ethan123,2,32,Original Gangster,EVSC
f5c8c1f9b87c299ad58fa164287db277,https://www.nitromath.com/racer/f5c8c1f9b87c299ad58fa164287db277,Mr kitty,3,32,I Love Cats,81BAG
slipstream524423,https://www.nitromath.com/racer/slipstream524423,Slip_Stream,1,31,Seasonal Racer,DKC
loott109,https://www.nitromath.com/racer/loott109,,2,31,Millionaire,CC
altlightspeed,https://www.nitromath.com/racer/altlightspeed,Y                  T,1,31,Learner Leader,NITR0
a189ffe119d7996433f9ae6274a8c4f9,https://www.nitromath.com/racer/a189ffe119d7996433f9ae6274a8c4f9,bigkoolaid,2,31,May The 4th Be With You,T2WIN
55e52ce5d9e5d12c52530f9f72c2e737,https://www.nitromath.com/racer/55e52ce5d9e5d12c52530f9f72c2e737,Diidiyoil,2,31,Original Gangster,T2WIN
joisjoijwiojwjoiw,https://www.nitromath.com/racer/joisjoijwiojwjoiw,SmartDerek,13,30,Huge Baller,FASZ
06cd74278c31ddddf37527442329b624,https://www.nitromath.com/racer/06cd74278c31ddddf37527442329b624,Mr blue,3,30,I Hate Words,NITR0
duckrat99,https://www.nitromath.com/racer/duckrat99,?Duckrat99?,1,30,Keyboard Cat,CC
acae117adbd644214046d115015e495a,https://www.nitromath.com/racer/acae117adbd644214046d115015e495a,youtube_ DawkFN_,2,30,Big Spender,A3
duckx87,https://www.nitromath.com/racer/duckx87,Twilight,1,29,Faster 'n You,4MATH
boybafym456,https://www.nitromath.com/racer/boybafym456,boybafym456,3,29,Raw Racing Recruit,TMS
2b3a685023e283b2b220a6751701f2d3,https://www.nitromath.com/racer/2b3a685023e283b2b220a6751701f2d3,iJup1terzx,2,28,Crazy About Typing,TMS
5f4a1a7ff90e4b24a2f79e246ff16ce5,https://www.nitromath.com/racer/5f4a1a7ff90e4b24a2f79e246ff16ce5,jeremiah B,4,28,Filthy Rich,ALSLUG
3d4a4a308be71bbd9b7eb3c066c54587,https://www.nitromath.com/racer/3d4a4a308be71bbd9b7eb3c066c54587,BaNaN_RaVEn,1,28,Master Motorist,GOAT
61a39b51a7262dcab7070e07168edd0c,https://www.nitromath.com/racer/61a39b51a7262dcab7070e07168edd0c,ApricotCoffeeLungfish,2,28,Olde School,FUS3
yoboihunter12,https://www.nitromath.com/racer/yoboihunter12,J E S U S LUVS Y O U,1,28,:D,JE4US
9c1480b834bbc24283febba364820088,https://www.nitromath.com/racer/9c1480b834bbc24283febba364820088,hi7777777,1,28,I Love Dogs,NITR0
86202985362c50574498dfe379795b38,https://www.nitromath.com/racer/86202985362c50574498dfe379795b38,"AFTERNOON, PROJECT,",2,28,Millionaire,HIM32
applesdogaarav,https://www.nitromath.com/racer/applesdogaarav,cortezzy,2,27,League Champion,MATHNL
3e4fb82c97e2f81602690a685246359d,https://www.nitromath.com/racer/3e4fb82c97e2f81602690a685246359d,yollet,2,27,Filthy Rich,NFL881
daniel456356,https://www.nitromath.com/racer/daniel456356,daniel456356,3,27,Original Gangster,CC
rubixlemaster,https://www.nitromath.com/racer/rubixlemaster,34speed,1,26,Taco Lover,SHIP
legitimatelegends,https://www.nitromath.com/racer/legitimatelegends,YXNG Viral,10,26,Raw Racing Recruit,TMS
2ebafa57141f3aeb1625712a5b873e05,https://www.nitromath.com/racer/2ebafa57141f3aeb1625712a5b873e05,esavage,2,26,Raw Racing Recruit,COBRAS
liamhowe7,https://www.nitromath.com/racer/liamhowe7,liamhowe7,3,26,Raw Racing Recruit,JDFU
rlabeig,https://www.nitromath.com/racer/rlabeig,rlabeig,2,26,Potaytoes,CONM
5067706ced10f36a6854ad8efb7505c5,https://www.nitromath.com/racer/5067706ced10f36a6854ad8efb7505c5,Bleeps,1,26,May The 4th Be With You,JLFU
messiisgoat10yamal19,https://www.nitromath.com/racer/messiisgoat10yamal19,messiisgoat10yamal19,1,25,Raw Racing Recruit,CONM
iosman96,https://www.nitromath.com/racer/iosman96,KEASHA,1,25,I Hate Words,ABAMS
7de061576bdae4dd081db28e03781cf7,https://www.nitromath.com/racer/7de061576bdae4dd081db28e03781cf7,YXNG Viral,13,25,Raw Racing Recruit,TMS
a834c03edd24253074e2dc399fe58101,https://www.nitromath.com/racer/a834c03edd24253074e2dc399fe58101,NITRO TYPE LEGEND,2,25,Spring-a-round,NITR0
pinkyone,https://www.nitromath.com/racer/pinkyone,P 1 N K,2,25,:D,PNKYPI
ninecatcat,https://www.nitromath.com/racer/ninecatcat,JESUSLOVESYOU10K,2,24,WPM Wonderkid,JDFU
immaakid,https://www.nitromath.com/racer/immaakid,the captain mau,1,24,A E S T H E T I C,NTPD1
31a6fd68090b61199c5775d89fb55279,https://www.nitromath.com/racer/31a6fd68090b61199c5775d89fb55279,cool dude,1,24,Original Gangster,MATT18
e6778f4dcb7012224e90eb08e7b81ab6,https://www.nitromath.com/racer/e6778f4dcb7012224e90eb08e7b81ab6,Jaffeworld Crong,1,23,Novice Navigator,WL
ronaldogoat4567,https://www.nitromath.com/racer/ronaldogoat4567,ronaldogoat4567,1,23,Hydraulic Hero,CR7TW
nitromoose5,https://www.nitromath.com/racer/nitromoose5,nitromoose5,1,23,May The 4th Be With You,X3
independentredangel,https://www.nitromath.com/racer/independentredangel,IndependentRedAngelfish,2,23,Title Collector,4MATH
itsmynitromathpublic,https://www.nitromath.com/racer/itsmynitromathpublic,Siddiqs Cotton,1,22,Raw Racing Recruit,NFL881
25bb535ed8e82fca972acd029255dc0b,https://www.nitromath.com/racer/25bb535ed8e82fca972acd029255dc0b,LayalCaynsalmon,1,22,Pro Pacer,JE4US
jasonthetypingchamp,https://www.nitromath.com/racer/jasonthetypingchamp,City of Miami,1,22,Champion Chaser,SHIP
didyk7,https://www.nitromath.com/racer/didyk7,Nathan cool,2,22,Solid Gold,ZOOM
3da6a221e8e124737cd8bb5b16449f82,https://www.nitromath.com/racer/3da6a221e8e124737cd8bb5b16449f82,fisher2000,2,22,Unda da Sea,NFL
typingdino9,https://www.nitromath.com/racer/typingdino9,D I N O,1,22,Legendary Lapper,MATH
810b8afb219c78d77fe9c2073844cb63,https://www.nitromath.com/racer/810b8afb219c78d77fe9c2073844cb63,Burrito Brother,1,22,I Love Cats,JE4US
8e1d5817aaa124e43bf73a52b23158c6,https://www.nitromath.com/racer/8e1d5817aaa124e43bf73a52b23158c6,goodmornningmate,2,22,Epic Word Skippage,NFL
torinharders,https://www.nitromath.com/racer/torinharders,Player 100,1,22,Problem Solver,49ERSI
4e45c06b10e0ab9e38e213d1f55ec45a,https://www.nitromath.com/racer/4e45c06b10e0ab9e38e213d1f55ec45a,_The_man_67,1,21,Well Trained,81BAG
45f15aaba0d4c8bfa8a2f618cf02904a,https://www.nitromath.com/racer/45f15aaba0d4c8bfa8a2f618cf02904a,ImaginativeCoffeeRat,1,21,Millionaire,TCLIP
camdendixon,https://www.nitromath.com/racer/camdendixon,Racing4Jesus,2,21,Raw Racing Recruit,ML
edc940228e904cdd45f4b7c6f4946ca2,https://www.nitromath.com/racer/edc940228e904cdd45f4b7c6f4946ca2,SUMMER SLAYS ALL DAY,2,20,Raw Racing Recruit,81BAG
565d562b9ed24ba181f1ced85e36d50f,https://www.nitromath.com/racer/565d562b9ed24ba181f1ced85e36d50f,preston,1,20,[SKIPWRD],GOLD
776aae73a4152d5345a29b53511f32e4,https://www.nitromath.com/racer/776aae73a4152d5345a29b53511f32e4,BrightOliveBear,2,20,Crazy About Typing,RISE
ad2ccd58bcd655f6d23378dbf69e1471,https://www.nitromath.com/racer/ad2ccd58bcd655f6d23378dbf69e1471,Imjustfaster,1,20,Ace Accelerator,W2V
c6916ee626aae990d362461727fe4c08,https://www.nitromath.com/racer/c6916ee626aae990d362461727fe4c08,Josie slays,3,20,Raw Racing Recruit,81BAG
db1417a54ad83c29f7b65dc2ce6e7084,https://www.nitromath.com/racer/db1417a54ad83c29f7b65dc2ce6e7084,ILOVEFROGDOGS,1,20,Master Motorist,GOLD55
a3fd95444e8970c5da643a04e5f06f8d,https://www.nitromath.com/racer/a3fd95444e8970c5da643a04e5f06f8d,ttttttttttttttttt,1,20,Raw Racing Recruit,WISD0M
38dafb95990850ea947ca24f6b3bcafc,https://www.nitromath.com/racer/38dafb95990850ea947ca24f6b3bcafc,Be be strik,1,20,The ATM Machine,ZWINNA
landofjhiuero,https://www.nitromath.com/racer/landofjhiuero,Kobe is the goat,1,20,I Love Dogs,CRAZZZ
11bfc04d1bd1f537173a6f2f26b12b6a,https://www.nitromath.com/racer/11bfc04d1bd1f537173a6f2f26b12b6a,Bubble,1,19,I Hate Words,DORYA
11cd433bb5082fdb3805ebe40b3e6b2c,https://www.nitromath.com/racer/11cd433bb5082fdb3805ebe40b3e6b2c,Jeff is my dad,1,19,I Love Dogs,CRAZZZ
a1da48c175f5e19bf8132fabceea4900,https://www.nitromath.com/racer/a1da48c175f5e19bf8132fabceea4900,unknown 1,2,19,Crazy About Typing,NFL881
legendary_ytcombat,https://www.nitromath.com/racer/legendary_ytcombat,-Vortex-,1,19,Insert Title Here,FASZ
f7dd624e82c1dc7c6440f6b943ba5319,https://www.nitromath.com/racer/f7dd624e82c1dc7c6440f6b943ba5319,pikachu37,1,19,Holiday Hero,TEDDY
43bccbbc7bd2959ecfcb542957db5284,https://www.nitromath.com/racer/43bccbbc7bd2959ecfcb542957db5284,Johnny boy,1,18,NITRO.EXE,BOB151
3e5f1823e471ae01de78af8a7ff48fe9,https://www.nitromath.com/racer/3e5f1823e471ae01de78af8a7ff48fe9,dekupomdumde,1,17,Novice Navigator,ZWINNA
supermarioo,https://www.nitromath.com/racer/supermarioo,Dammmmmmn,1,17,Potaytoes,CC
d2a3784a3922ded322a6ef44daad05bb,https://www.nitromath.com/racer/d2a3784a3922ded322a6ef44daad05bb,Prowler,1,17,May The 4th Be With You,PNKYPI
yellow0to10b,https://www.nitromath.com/racer/yellow0to10b,Sub2YellowTyperYT,1,17,2icy4u,WL
9c2c6ee31d9717d1eb5f8c18a5256a7c,https://www.nitromath.com/racer/9c2c6ee31d9717d1eb5f8c18a5256a7c,NeatCoffeeShrimp,1,17,Nitro Libre,GOATS
f4d7361057510e0fc0c9e1be54f2b0d2,https://www.nitromath.com/racer/f4d7361057510e0fc0c9e1be54f2b0d2,unknown to life,1,17,First Trimester,ML
lucs123,https://www.nitromath.com/racer/lucs123,lucs123,1,17,I Love Dogs,49ERSI
5faebca6446bda7c67123f4854defa10,https://www.nitromath.com/racer/5faebca6446bda7c67123f4854defa10,matheo,1,17,Nitro Burnout,W2V
ff872045cf7fb7666602f3f50a1b99c8,https://www.nitromath.com/racer/ff872045cf7fb7666602f3f50a1b99c8,gorillatag6,2,17,The ATM Machine,GOLD
38d5fafc22d19fff78e879117a6c8aef,https://www.nitromath.com/racer/38d5fafc22d19fff78e879117a6c8aef,seriousdogAURA-5999,1,16,Auto Avenger,1LWS
kok725,https://www.nitromath.com/racer/kok725,kok725,1,16,Raw Racing Recruit,TMS
7157e6196c2326b7a768bbe8a164fee3,https://www.nitromath.com/racer/7157e6196c2326b7a768bbe8a164fee3,abc 123 do re mi,1,16,Ninja,CRAZZZ
14c6fbf199ab07a7c18a52c6830e6f2e,https://www.nitromath.com/racer/14c6fbf199ab07a7c18a52c6830e6f2e,the cool hockey,1,16,Big Spender,LGE
a8b9033cb599dd028be6d4777dd3d372,https://www.nitromath.com/racer/a8b9033cb599dd028be6d4777dd3d372,Hiiiiii,2,16,Novice Navigator,MATH
looky99,https://www.nitromath.com/racer/looky99,ThE GoLdEn RoCkEt,1,16,:D,NMCH12
5beb3f8fdb9b026731597488dff43e53,https://www.nitromath.com/racer/5beb3f8fdb9b026731597488dff43e53,JESUS BEAT THE DEVIL,1,15,Crazy About Typing,X3
3f039dc6744460c7be865f9fd1bb5c06,https://www.nitromath.com/racer/3f039dc6744460c7be865f9fd1bb5c06,-soxy-,1,15,Drift Queen,CONM
b837d91b37464400ee8f6206ce1e1d1d,https://www.nitromath.com/racer/b837d91b37464400ee8f6206ce1e1d1d,DarthVaderRules,1,15,Pro Pacer,VZ
nmlegend,https://www.nitromath.com/racer/nmlegend,SUB 2 Darius typing,9,15,WPM Wonderkid,DKC
2e475afb5e743caf6c83ef72f81df2bc,https://www.nitromath.com/racer/2e475afb5e743caf6c83ef72f81df2bc,"I,,, AM SPARTA O_o 1",1,15,Millionaire,PRVBS
254a9b0ab63a081bb580dbe726944052,https://www.nitromath.com/racer/254a9b0ab63a081bb580dbe726944052,ThE wAmPuZ,1,15,Overdrive,SAVVEE
90386b48a10050f003d53f33a849088f,https://www.nitromath.com/racer/90386b48a10050f003d53f33a849088f,ResourcefulTanSeahorse,1,14,Overdrive,CRAZZZ
1d45088f1baf0c203a01a8abb97dba32,https://www.nitromath.com/racer/1d45088f1baf0c203a01a8abb97dba32,JustASinglePringle,1,14,Original Gangster,BEAST
thexcelerator,https://www.nitromath.com/racer/thexcelerator,CRASHOUT_ KALOB,2,14,Keyboard Cat,TRUST
matthewcaimi,https://www.nitromath.com/racer/matthewcaimi,YoungSheldon,2,14,Sea Student,X3
spanky_29924,https://www.nitromath.com/racer/spanky_29924,Paiidd,1,14,Champion Chaser,WL
d16e588a74a26bf7cefa020ec73ab7b7,https://www.nitromath.com/racer/d16e588a74a26bf7cefa020ec73ab7b7,PeachAmethystKrill,1,14,Big Spender,CRAZZZ
c4374ff7e590ec8ecfa1cfa4c28df95a,https://www.nitromath.com/racer/c4374ff7e590ec8ecfa1cfa4c28df95a,Ryan is da goat,1,14,Wampus Thwamper,SERVNT
1ef7841663000d6db0375d95bd8e5886,https://www.nitromath.com/racer/1ef7841663000d6db0375d95bd8e5886,lucky yay,1,14,Millionaire,PUPBY
5fb16f91f0ff3825b903b08c1ef25682,https://www.nitromath.com/racer/5fb16f91f0ff3825b903b08c1ef25682,ALENSLAYS,1,13,Raw Racing Recruit,SAVVEE
hogwartrules,https://www.nitromath.com/racer/hogwartrules,go Taylor Swift,1,13,Raw Racing Recruit,SHIP
7dceeae5ee8f6d5b971f6168c2b82edf,https://www.nitromath.com/racer/7dceeae5ee8f6d5b971f6168c2b82edf,risler king 022316 8,1,13,Raw Racing Recruit,COBRAS
a02b9629b61b7f43f74cac4a26dfca7a,https://www.nitromath.com/racer/a02b9629b61b7f43f74cac4a26dfca7a,Navi is slay,1,13,Catty Wampus,TCLIP
masonhasiak,https://www.nitromath.com/racer/masonhasiak,I_aM_mEsSi,1,13,Wampus Thwamper,APLU5
154be23061d6ddbc91b48b681c19f408,https://www.nitromath.com/racer/154be23061d6ddbc91b48b681c19f408,Relentless -10k,1,12,Just Roll With It,121
d512fe57a43cea76f07e84f7dc951a3a,https://www.nitromath.com/racer/d512fe57a43cea76f07e84f7dc951a3a,-A G 3 N T- 16k,1,12,I'm Ready,NMV
2eba5b95f37260e5ed6a6c35c503ff6b,https://www.nitromath.com/racer/2eba5b95f37260e5ed6a6c35c503ff6b,Messi10 messi,1,12,Filthy Rich,NMCH12
fe6b3c3ebb82453abbb2929b19b8277c,https://www.nitromath.com/racer/fe6b3c3ebb82453abbb2929b19b8277c,Mahi111,1,12,Yuletide Spirit,EVSC
10k_speed,https://www.nitromath.com/racer/10k_speed,10K_speed,1,11,Nitro Burnout,NTPD1
210555575,https://www.nitromath.com/racer/210555575,210555575,1,11,Raw Racing Recruit,TMS
794e06bbefb29a9cf54977723c55931a,https://www.nitromath.com/racer/794e06bbefb29a9cf54977723c55931a,BestGamer,1,11,Millionaire,SAVVEE
morganzook,https://www.nitromath.com/racer/morganzook,Farmgirl12,1,10,Olde School,PIGGY
ca3bac982f01e9fdab4230bb6f9cceee,https://www.nitromath.com/racer/ca3bac982f01e9fdab4230bb6f9cceee,Pls Gift 1 mill cash,2,10,Legendary Lapper,EASTER
86eb84fb4450516aa21e75320cd52449,https://www.nitromath.com/racer/86eb84fb4450516aa21e75320cd52449,Kindasusnotgonnalie,2,10,I Love Dogs,ERICK
b842f40fd3ef2fbf18405e8e4e2a9e71,https://www.nitromath.com/racer/b842f40fd3ef2fbf18405e8e4e2a9e71,J racer,1,10,Luck o' the Irish,NITR0
sawyerqualls,https://www.nitromath.com/racer/sawyerqualls,sawyerqualls,2,9,First Trimester,AMATHB
e5f38244d7ecbd54162aa06d71986614,https://www.nitromath.com/racer/e5f38244d7ecbd54162aa06d71986614,-the sloth-,1,9,Not a Bot,DKC
f1f68eb2f311ff58bd9c93d607082c4b,https://www.nitromath.com/racer/f1f68eb2f311ff58bd9c93d607082c4b,100kifubeatmemaybe,1,9,Legendary Lapper,OT
noobbird39,https://www.nitromath.com/racer/noobbird39,PrinceWarriorChilled,2,7,Eggsecutive,WL
princewarriordatitan,https://www.nitromath.com/racer/princewarriordatitan,PW Titan,1,7,Millionaire,WL
ab3efed4126ce5c98e8b2c722daa1339,https://www.nitromath.com/racer/ab3efed4126ce5c98e8b2c722daa1339,Oliverslays2024,1,7,The ATM Machine,12312B
1bd86acef778b4942c19c14c77275092,https://www.nitromath.com/racer/1bd86acef778b4942c19c14c77275092,I nead nitro cash,1,7,2icy4u,EVSC
leaderboardtestacc,https://www.nitromath.com/racer/leaderboardtestacc,leaderboardtestacc,2,4,Raw Racing Recruit,IM4
0dc6adb09055ae7fae6fca1916553da0,https://www.nitromath.com/racer/0dc6adb09055ae7fae6fca1916553da0,Skittle,1,3,Unda da Sea,EVSC
256445c9413ed64d045f4482ecb453a2,https://www.nitromath.com/racer/256445c9413ed64d045f4482ecb453a2,GentleVioletBass,2,3,Raw Racing Recruit,TMS
04df422ba738d7915d869ef9afdc20c1,https://www.nitromath.com/racer/04df422ba738d7915d869ef9afdc20c1,PositiveOliveSnail,1,2,Learner Leader,JLFU
moneyformine,https://www.nitromath.com/racer/moneyformine,,1,2,Big Spender,FASZ
bloxboil9167,https://www.nitromath.com/racer/bloxboil9167,bloxboil9167,1,1,Raw Racing Recruit,NFL881
